hub,article,status,old_blurb,new_blurb
lawn-basics\index.html,/lawn-basics/what-type-of-grass-do-i-have.html,skipped_unique_blurb,"Learn how to identify common lawn grasses by observing blades, spread patterns, color changes, and seasonal growth instead of relying on labels.",
lawn-basics\index.html,/lawn-basics/warm-season-vs-cool-season-grasses-explained.html,skipped_unique_blurb,"A practical breakdown of warm-season versus cool-season turf, with quick tells, seasonal behavior, and what changes in care across the year.",
lawn-basics\index.html,/lawn-basics/best-grass-types-for-hot-dry-climates.html,skipped_unique_blurb,"A practical shortlist of grasses that hold up in hot, dry climates, plus the tradeoffs that matter: water demand, traffic tolerance, and repair speed.",
lawn-basics\index.html,/lawn-basics/best-grass-types-for-cold-winters.html,skipped_unique_blurb,"A practical breakdown of grass types that survive cold winters, including strengths, weaknesses, and why some lawns rebound while others fail.",
lawn-basics\index.html,/lawn-basics/how-grass-actually-grows.html,skipped_unique_blurb,"A clear explanation of how grass really grows, including crowns, roots, leaf blades, and why mowing does not work the way most people think.",
lawn-basics\index.html,/lawn-basics/how-long-it-takes-grass-to-germinate.html,skipped_unique_blurb,"A practical breakdown of how long grass takes to germinate, what slows it down, and why uneven sprouting is normal early on.",
lawn-basics\index.html,/lawn-basics/why-grass-turns-yellow.html,skipped_unique_blurb,"Yellow grass signals biological stress, not instant failure. This explains the mechanisms behind color loss and how different stresses interfere with normal growth.",
lawn-basics\index.html,/lawn-basics/why-grass-turns-brown.html,skipped_unique_blurb,Brown grass reflects a deeper level of stress than yellowing. This explains when browning is protective dormancy versus irreversible damage.,
lawn-basics\index.html,/lawn-basics/why-grass-grows-unevenly.html,skipped_unique_blurb,"Uneven growth reflects site variability, not random failure. This explains why lawns develop fast and slow zones over time.",
lawn-basics\index.html,/lawn-basics/how-often-grass-should-be-mowed.html,skipped_unique_blurb,"Mowing frequency controls plant energy balance. This explains how growth biology, season, and stress determine when grass should be cut.",
lawn-basics\index.html,/lawn-basics/how-short-is-too-short-to-cut-grass.html,skipped_unique_blurb,"Cutting grass too short creates hidden damage. This explains how low cuts affect crowns, roots, and long-term lawn stability.",
lawn-basics\index.html,/lawn-basics/what-happens-if-you-cut-grass-too-short.html,skipped_unique_blurb,"Excessively short mowing creates an energy deficit that compounds over time, reducing root depth, stress tolerance, and recovery capacity.",
lawn-basics\index.html,/lawn-basics/how-tall-grass-should-be-left-after-mowing.html,skipped_unique_blurb,"Mowing height sets the lawn’s energy budget, shaping recovery speed, root stability, and long-term resistance to environmental stress.",
lawn-basics\index.html,/lawn-basics/how-fast-grass-grows-by-season.html,skipped_unique_blurb,"Seasonal growth patterns reflect plant energy economics, not calendar timing or care intensity.",
lawn-basics\index.html,/lawn-basics/does-grass-grow-at-night.html,skipped_unique_blurb,"Apparent nighttime growth reflects carbohydrate use, respiration rates, and temperature effects rather than energy production.",
lawn-basics\index.html,/lawn-basics/can-grass-recover-after-being-scalped.html,skipped_unique_blurb,"Scalping creates extreme energy stress. Recovery depends on crown survival, reserve availability, and environmental conditions.",
lawn-basics\index.html,/lawn-basics/how-to-fix-patchy-grass.html,skipped_unique_blurb,Patchy grass forms over time as conditions repeat. Fixing it means understanding why certain areas fall behind while others stay full.,
lawn-basics\index.html,/lawn-basics/why-grass-dies-in-summer.html,skipped_unique_blurb,"Grass declines in summer when heat, drought stress, and root limitations push it past recovery. Understanding the failure mechanism is what prevents repeat loss.",
lawn-basics\index.html,/lawn-basics/why-grass-dies-in-winter.html,skipped_unique_blurb,"Grass fails in winter when cold stress, energy loss, and mowing damage push plants past recovery. Winter death is usually the result of earlier decisions.",
lawn-basics\index.html,/lawn-basics/how-grass-survives-drought.html,skipped_unique_blurb,"Grass survives drought by reducing growth, conserving water, and protecting crowns and roots. Survival depends on prior conditions more than rainfall timing.",
lawn-basics\index.html,/lawn-basics/how-grass-roots-grow.html,skipped_unique_blurb,"Grass roots grow in response to energy balance, moisture movement, and surface conditions. Root behavior explains why lawns succeed or fail under stress.",
lawn-basics\index.html,/lawn-basics/how-deep-grass-roots-really-go.html,skipped_unique_blurb,"Grass roots are usually much shallower than people expect. Root depth depends on moisture movement, energy balance, and surface conditions.",
lawn-basics\index.html,/lawn-basics/how-to-tell-if-grass-is-dormant-or-dead.html,skipped_unique_blurb,"Dormant grass and dead grass look similar, but they fail for different reasons. Knowing the difference determines whether recovery is possible or replacement is required.",
lawn-basics\index.html,/lawn-basics/best-time-of-day-to-water-grass.html,skipped_unique_blurb,"The best time to water grass depends on evaporation, disease risk, and root absorption. Timing affects how much water actually reaches the roots.",
lawn-basics\index.html,/lawn-basics/best-time-of-year-to-overseed-grass.html,skipped_unique_blurb,"Overseeding succeeds when seed growth aligns with temperature, moisture, and competition cycles. Timing matters more than seed choice.",
lawn-basics\index.html,/lawn-basics/what-overseeding-actually-does.html,skipped_unique_blurb,"Overseeding does not repair soil or revive dead grass. It adds new plants that compete, fill gaps, and shift lawn density when conditions allow.",
lawn-basics\index.html,/lawn-basics/can-you-mix-grass-types-in-one-lawn.html,skipped_unique_blurb,"Mixing grass types can improve coverage or create uneven performance. Results depend on growth habits, seasonality, and site conditions.",
lawn-basics\index.html,/lawn-basics/pros-and-cons-of-mixed-grass-lawns.html,skipped_unique_blurb,Mixed grass lawns can increase resilience or create uneven performance. The benefits and drawbacks depend on compatibility and long-term stress.,
lawn-basics\index.html,/lawn-basics/how-to-thicken-a-thin-lawn.html,skipped_unique_blurb,A thin lawn thickens when the conditions causing decline are removed and grass is given time to rebuild density. Quick fixes fail if the cause stays active.,
lawn-basics\index.html,/lawn-basics/why-grass-looks-good-one-day-and-bad-the-next.html,skipped_unique_blurb,"Grass can swing from healthy to stressed overnight when water balance, heat load, and root limits change quickly. Sudden changes are usually a delayed response.",
lawn-basics\index.html,/lawn-basics/how-long-new-grass-takes-to-establish.html,skipped_unique_blurb,"New grass establishes in stages. Germination is only the start. Real establishment happens when roots survive mowing, heat, and dry cycles without collapsing.",
lawn-basics\index.html,/lawn-basics/can-you-walk-on-new-grass.html,skipped_unique_blurb,"Walking on new grass is possible only after roots anchor into the soil. Timing depends on growth stage, root strength, and how pressure affects recovery.",
lawn-basics\index.html,/lawn-basics/how-to-repair-bare-spots-in-a-lawn.html,skipped_unique_blurb,"Bare spots return when the cause stays active. Repair only holds when soil, heat, and traffic conditions allow new grass to establish and survive.",
lawn-basics\index.html,/lawn-basics/why-grass-grows-faster-in-some-areas.html,skipped_unique_blurb,"Grass grows faster where soil, moisture, and stress align. Uneven growth reveals differences below the surface more than differences in care.",
lawn-basics\index.html,/lawn-basics/how-shade-affects-grass-growth.html,skipped_unique_blurb,"Shade changes how grass produces energy, manages heat, and allocates roots. Growth slows not because grass fails, but because resources shift.",
lawn-basics\index.html,/lawn-basics/best-grass-for-shady-lawns.html,skipped_unique_blurb,"Grass survives shade only when light demand, root strength, and soil conditions align. Shade tolerance depends more on biology than maintenance effort.",
lawn-basics\index.html,/lawn-basics/best-grass-for-full-sun.html,skipped_unique_blurb,"Full sun grasses succeed by managing heat, water loss, and energy demand. The best choices are those built to handle constant exposure without collapsing.",
lawn-basics\index.html,/lawn-basics/why-grass-near-sidewalks-dies.html,skipped_unique_blurb,"Grass near sidewalks dies from heat reflection, soil compaction, and repeated stress. Pavement creates conditions grass struggles to recover from.",
lawn-basics\index.html,/lawn-basics/how-heat-reflecting-surfaces-affect-grass.html,skipped_unique_blurb,"Heat reflecting surfaces alter temperature, moisture loss, and stress cycles in grass. These effects change growth patterns long before grass dies.",
lawn-basics\index.html,/lawn-basics/how-foot-traffic-damages-grass.html,skipped_unique_blurb,"Foot traffic damages grass by compacting soil, disrupting roots, and reducing recovery capacity. Damage accumulates long before grass visibly thins.",
lawn-basics\index.html,/lawn-basics/how-to-make-grass-more-durable.html,skipped_unique_blurb,"Grass becomes durable when roots, energy reserves, and recovery time are protected. Durability is built gradually, not forced with quick fixes.",
lawn-basics\index.html,/lawn-basics/why-grass-gets-matted-down.html,skipped_unique_blurb,Grass mats down when blades lose structural strength and recovery time. Flattening reflects stress accumulation more than simple foot traffic.,
lawn-basics\index.html,/lawn-basics/how-to-fix-flattened-grass.html,skipped_unique_blurb,"Flattened grass recovers only when the causes of collapse are removed. Fixing it means restoring structure, airflow, and recovery time rather than forcing regrowth.",
lawn-basics\index.html,/lawn-basics/how-often-grass-should-be-replaced.html,skipped_unique_blurb,Grass does not last forever. Replacement becomes necessary when recovery stops working and decline outpaces regeneration.,
lawn-basics\index.html,/lawn-basics/can-grass-spread-on-its-own.html,skipped_unique_blurb,"Grass can spread on its own only when growth habits and conditions allow it. Whether it fills gaps depends on biology, stress, and available resources.",
lawn-basics\index.html,/lawn-basics/difference-between-sod-seed-and-plugs.html,skipped_unique_blurb,"Sod, seed, and plugs establish grass in very different ways. The best option depends on recovery speed, root development, and site conditions.",
lawn-basics\index.html,/lawn-basics/is-sod-or-seed-better-for-small-lawns.html,skipped_unique_blurb,"For small lawns, the choice between sod and seed depends on recovery speed, root depth, and tolerance for early stress rather than appearance alone.",
lawn-basics\index.html,/lawn-basics/how-long-sod-takes-to-root.html,skipped_unique_blurb,"Sod roots on a biological timeline, not a calendar. Rooting speed depends on moisture, temperature, and how much stress the grass absorbs early on.",
lawn-basics\index.html,/lawn-basics/mistakes-that-kill-new-grass.html,skipped_unique_blurb,"New grass fails when early stress overwhelms weak roots. Most losses come from timing, pressure, and recovery mistakes rather than bad seed or sod.",
lawn-basics\index.html,/lawn-basics/how-to-tell-if-grass-is-overwatered.html,skipped_unique_blurb,"Overwatered grass shows stress through texture, color, and recovery behavior. The signs appear before the lawn actually declines.",
lawn-basics\index.html,/lawn-basics/how-to-tell-if-grass-is-underwatered.html,skipped_unique_blurb,"Underwatered grass shows stress through behavior, not just color. The earliest signs appear in recovery speed, texture, and growth response.",
lawn-basics\index.html,/lawn-basics/why-grass-smells-after-cutting.html,skipped_unique_blurb,"The smell after cutting grass is a chemical response to injury. It reflects stress signals, moisture conditions, and how grass recovers after damage.",
lawn-basics\index.html,/lawn-basics/should-you-bag-or-mulch-grass-clippings.html,skipped_unique_blurb,"Bagging and mulching grass clippings affect nutrient cycling, stress recovery, and long-term lawn stability. The better choice depends on conditions, not preference.",
lawn-basics\index.html,/lawn-basics/do-grass-clippings-help-or-hurt-lawns.html,skipped_unique_blurb,"Grass clippings can help or hurt lawns depending on mowing height, moisture, and stress level. Their impact is conditional, not automatic.",
lawn-basics\index.html,/lawn-basics/how-weather-affects-grass-growth.html,skipped_unique_blurb,"Grass growth responds directly to weather through temperature, moisture, and recovery cycles. Weather shapes growth speed, strength, and long-term lawn stability.",
lawn-basics\index.html,/lawn-basics/why-grass-looks-different-in-spring.html,skipped_unique_blurb,"Grass looks different in spring because growth resumes before roots fully stabilize. Seasonal energy shifts change color, texture, and density.",
lawn-basics\index.html,/lawn-basics/why-grass-looks-worse-in-fall.html,skipped_unique_blurb,"Grass often looks worse in fall because energy shifts from leaves to roots, competition increases, and weather patterns disrupt recovery timing.",
lawn-basics\index.html,/lawn-basics/can-grass-survive-frost.html,skipped_unique_blurb,"Grass can survive frost depending on timing, recovery capacity, and root strength. Frost damage reflects stress thresholds rather than instant death.",
lawn-basics\index.html,/lawn-basics/can-grass-survive-extreme-heat.html,skipped_unique_blurb,"Grass can survive extreme heat when roots, soil moisture, and energy reserves stay stable. Heat kills grass when demand exceeds supply for too long.",
lawn-basics\index.html,/lawn-basics/how-to-prepare-grass-for-summer.html,skipped_unique_blurb,"Preparing grass for summer means building root depth, reducing stress triggers, and stabilizing soil before heat and water demand spike.",
lawn-basics\index.html,/lawn-basics/how-to-prepare-grass-for-winter.html,skipped_unique_blurb,"Preparing grass for winter means protecting crowns, preserving root energy, and reducing stress before cold limits growth and recovery.",
lawn-basics\index.html,/lawn-basics/how-long-grass-can-go-without-water.html,skipped_unique_blurb,"Grass can survive without water for limited periods depending on root depth, soil conditions, temperature, and stored energy reserves.",
lawn-basics\index.html,/lawn-basics/what-makes-grass-turn-dark-green.html,skipped_unique_blurb,"Grass turns dark green when chlorophyll production, nitrogen availability, and growth conditions align to favor dense, efficient photosynthesis.",
lawn-basics\index.html,/lawn-basics/what-makes-grass-turn-light-green.html,skipped_unique_blurb,"Grass turns light green when chlorophyll production drops due to nutrient limits, root stress, poor soil conditions, or disrupted energy balance.",
lawn-basics\index.html,/lawn-basics/can-grass-recover-after-drought.html,skipped_unique_blurb,"Grass can recover after drought if crowns remain alive, roots regain access to moisture, and stress did not exceed the plant’s stored capacity.",
lawn-basics\index.html,/lawn-basics/why-lawns-decline-over-time.html,skipped_unique_blurb,"Lawns decline over time as soil compacts, roots weaken, energy reserves shrink, and recovery capacity erodes under repeated stress cycles.",
lawn-basics\index.html,/lawn-basics/how-long-a-lawn-typically-lasts.html,skipped_unique_blurb,"A lawn typically lasts as long as soil structure, root systems, and recovery capacity remain intact under repeated environmental and maintenance stress.",
lawn-basics\index.html,/lawn-basics/when-grass-is-beyond-saving.html,skipped_unique_blurb,"Grass is beyond saving when crowns are dead, roots have collapsed, and recovery capacity is permanently lost despite water or care.",
lawn-basics\index.html,/lawn-basics/signs-a-lawn-needs-to-be-replaced.html,skipped_unique_blurb,"A lawn needs to be replaced when crowns are dead, roots cannot recover, and decline continues despite proper watering and seasonal conditions.",
lawn-basics\index.html,/lawn-basics/how-to-start-over-with-a-dead-lawn.html,skipped_unique_blurb,"Starting over with a dead lawn means resetting soil structure, eliminating competition, and establishing grass during a recovery-friendly growth window.",
lawn-basics\index.html,/lawn-basics/common-lawn-care-myths-that-kill-grass.html,skipped_unique_blurb,"Many lawns fail because common lawn care myths encourage practices that weaken roots, drain energy reserves, and prevent long-term recovery.",
lawn-basics\index.html,/lawn-basics/why-grass-grows-in-clumps.html,skipped_unique_blurb,"Grass grows in clumps when stress, uneven recovery, and competition disrupt uniform growth and favor localized survival over even coverage.",
lawn-basics\index.html,/lawn-basics/how-wind-affects-grass-growth.html,skipped_unique_blurb,"Wind affects grass growth by increasing water loss, altering temperature stress, limiting recovery, and changing how roots and leaves develop.",
lawn-basics\index.html,/lawn-basics/why-grass-near-fences-grows-differently.html,skipped_unique_blurb,"Grass near fences grows differently because shade, heat reflection, airflow changes, and moisture patterns alter stress and recovery along the boundary.",
lawn-basics\index.html,/lawn-basics/can-grass-grow-through-rocks-or-gravel.html,skipped_unique_blurb,"Grass can grow through rocks or gravel only when roots can reach soil, moisture remains available, and heat and compaction do not exceed tolerance limits.",
lawn-basics\index.html,/lawn-basics/why-grass-dies-along-driveways.html,skipped_unique_blurb,"Grass dies along driveways because heat reflection, soil compaction, and moisture loss overwhelm roots and prevent recovery at the edge.",
lawn-basics\index.html,/lawn-basics/how-long-grass-lives-as-a-plant.html,skipped_unique_blurb,"Grass can live indefinitely as a plant when crowns remain alive, roots recover from stress, and growing conditions allow repeated regeneration.",
lawn-basics\index.html,/lawn-basics/what-happens-to-grass-roots-when-you-mow.html,skipped_unique_blurb,"Mowing affects grass roots by shifting energy allocation, slowing root growth, and triggering stress responses that influence long-term stability.",
lawn-basics\index.html,/lawn-basics/why-grass-changes-texture-over-time.html,skipped_unique_blurb,"Grass texture changes over time as stress, soil conditions, mowing pressure, and seasonal shifts alter leaf structure, density, and growth behavior.",
lawn-basics\index.html,/lawn-basics/how-grass-responds-to-stress.html,skipped_unique_blurb,"Grass responds to stress by altering growth patterns, slowing energy use, reallocating resources, and prioritizing survival over appearance.",
lawn-basics\index.html,/lawn-basics/why-grass-thins-out-over-the-years.html,skipped_unique_blurb,"Grass thins out over the years when stress outpaces recovery, roots shrink, crowns weaken, and density loss accelerates further decline.",
lawn-basics\index.html,/lawn-basics/how-rainfall-patterns-affect-lawns.html,skipped_unique_blurb,"Rainfall patterns affect lawns by controlling root depth, oxygen availability, disease pressure, and whether stress arrives faster than recovery.",
lawn-basics\index.html,/lawn-basics/can-grass-grow-in-compacted-soil.html,skipped_unique_blurb,"Grass can grow in compacted soil only temporarily. Long-term survival fails when oxygen flow, root expansion, and water movement remain restricted.",
lawn-basics\index.html,/lawn-basics/why-grass-fails-in-new-construction-yards.html,skipped_unique_blurb,"Grass fails in new construction yards because soil structure is destroyed, compaction is extreme, and recovery capacity is removed before grass is planted.",
lawn-basics\index.html,/lawn-basics/how-grass-reacts-to-temperature-swings.html,skipped_unique_blurb,"Grass reacts to temperature swings by shifting metabolism, slowing recovery, and reallocating energy as it repeatedly adjusts between growth and stress.",
lawn-basics\index.html,/lawn-basics/why-grass-looks-burned-but-isnt.html,skipped_unique_blurb,"Grass can look burned when stress disrupts water balance and pigment production, even though tissue remains alive and capable of recovery.",
lawn-basics\index.html,/lawn-basics/can-grass-heal-itself.html,skipped_unique_blurb,"Grass can heal itself when crowns remain alive, roots can recover, and stress ends before energy reserves are exhausted.",
lawn-basics\index.html,/lawn-basics/why-grass-spreads-sideways.html,skipped_unique_blurb,"Grass spreads sideways to survive stress, fill open space, and protect crowns by expanding laterally through stolons or rhizomes.",
lawn-basics\index.html,/lawn-basics/how-grass-competes-with-itself.html,skipped_unique_blurb,"Grass competes with itself when density, root overlap, and uneven resources force plants to outcompete neighbors for water, light, and space.",
lawn-basics\index.html,/lawn-basics/why-lawns-look-different-yard-to-yard.html,skipped_unique_blurb,"Lawns look different yard to yard because soil history, microclimate, grass type, and stress exposure shape growth long before maintenance choices do.",
lawn-basics\index.html,/lawn-basics/how-slope-affects-grass-growth.html,skipped_unique_blurb,"Slope affects grass growth by changing water movement, soil stability, heat exposure, and how stress accumulates across the lawn.",
lawn-basics\index.html,/lawn-basics/can-grass-grow-on-clay-soil.html,skipped_unique_blurb,"Grass can grow on clay soil when oxygen movement, drainage, and root penetration stay functional. Failure happens when clay structure blocks recovery.",
lawn-basics\index.html,/lawn-basics/can-grass-grow-on-sandy-soil.html,skipped_unique_blurb,"Grass can grow on sandy soil when moisture retention, nutrient availability, and root contact remain stable. Failure occurs when water drains faster than roots can respond.",
lawn-basics\index.html,/lawn-basics/why-grass-near-trees-struggles.html,skipped_unique_blurb,"Grass near trees struggles because roots compete for water, light is reduced, and soil conditions favor the tree long before grass can recover.",
lawn-basics\index.html,/lawn-basics/how-long-grass-can-stay-dormant.html,skipped_unique_blurb,"Grass can stay dormant as long as crowns remain alive, roots retain moisture access, and stress does not exhaust stored energy reserves.",
lawn-basics\index.html,/lawn-basics/what-happens-if-you-never-mow-grass.html,skipped_unique_blurb,"Never mowing grass changes growth patterns, weakens crowns over time, and eventually reduces density as plants exhaust energy maintaining excess leaf tissue.",
lawn-basics\index.html,/lawn-basics/why-grass-becomes-stringy.html,skipped_unique_blurb,"Grass becomes stringy when leaf growth outpaces density, blades elongate under stress, and thinning exposes long weak tissue with less support.",
lawn-basics\index.html,/lawn-basics/can-grass-adapt-to-neglect.html,skipped_unique_blurb,"Grass can adapt to neglect only within limits. Survival depends on root depth, stress frequency, and whether recovery windows still exist.",
lawn-basics\index.html,/lawn-basics/why-grass-declines-even-with-care.html,skipped_unique_blurb,"Grass can decline even with care when recovery never fully occurs, roots weaken over time, and small stresses accumulate faster than the lawn can repair.",
lawn-basics\index.html,/lawn-basics/when-a-lawn-reaches-the-end-of-its-life.html,skipped_unique_blurb,"A lawn reaches the end of its life when recovery capacity is exhausted, crowns fail to regenerate, and decline continues despite proper care.",
soil-fertilizer\index.html,/soil-fertilizer/what-lawn-soil-actually-is.html,skipped_unique_blurb,"Lawn soil is the system that determines whether grass can survive at all. When soil structure fails, every surface fix becomes temporary.",
soil-fertilizer\index.html,/soil-fertilizer/why-soil-matters-more-than-grass-type.html,skipped_unique_blurb,"Lawn success is not decided by grass type. Soil condition determines whether grass can root, recover from stress, and survive long term.",
soil-fertilizer\index.html,/soil-fertilizer/difference-between-topsoil-and-native-soil.html,skipped_unique_blurb,"Topsoil and native soil are not the same thing. One is imported material, the other is the ground you already have, and mixing them can help or hurt.",
soil-fertilizer\index.html,/soil-fertilizer/how-soil-forms-in-yards.html,skipped_unique_blurb,"Yard soil is not just dirt. It forms from what was there before construction, how the yard was built, and years of water, grass growth, traffic, and use.",
soil-fertilizer\index.html,/soil-fertilizer/why-lawn-soil-degrades-over-time.html,skipped_unique_blurb,"Lawn soil does not stay the same year after year. Daily use, weather, water movement, and compaction slowly change soil until grass struggles to survive.",
soil-fertilizer\index.html,/soil-fertilizer/how-soil-affects-grass-growth.html,skipped_unique_blurb,"Grass growth is controlled by soil conditions, not just watering or fertilizer. Soil determines how roots form, spread, and support healthy growth.",
soil-fertilizer\index.html,/soil-fertilizer/how-to-tell-if-lawn-soil-is-poor.html,skipped_unique_blurb,"Poor lawn soil shows itself through slow growth, weak recovery, and constant frustration. The signs appear long before grass fully fails.",
soil-fertilizer\index.html,/soil-fertilizer/signs-of-healthy-lawn-soil.html,skipped_unique_blurb,"Healthy lawn soil reveals itself through steady growth, consistent color, and resilience under stress. The signs appear before problems ever start.",
soil-fertilizer\index.html,/soil-fertilizer/why-grass-grows-better-in-some-soil.html,skipped_unique_blurb,"Grass grows better in some soil because roots can function without resistance. Soil structure, not effort, determines how easily grass succeeds.",
soil-fertilizer\index.html,/soil-fertilizer/how-soil-texture-affects-lawns.html,skipped_unique_blurb,"Soil texture affects lawns by changing how water, air, and roots move through the ground. Texture sets how easily grass can grow.",
soil-fertilizer\index.html,/soil-fertilizer/difference-between-clay-sand-and-loam.html,skipped_unique_blurb,"Clay, sand, and loam differ in how they hold water, air, and roots. Their structure decides how forgiving a lawn becomes.",
soil-fertilizer\index.html,/soil-fertilizer/how-clay-soil-affects-grass.html,skipped_unique_blurb,"Clay soil shapes how grass grows by controlling water, air, and root movement. Its effects are predictable once you understand how it behaves.",
soil-fertilizer\index.html,/soil-fertilizer/how-sandy-soil-affects-grass.html,skipped_unique_blurb,"Sandy soil affects grass by draining too quickly and limiting root support. Growth can look healthy at first, then collapse under stress.",
soil-fertilizer\index.html,/soil-fertilizer/how-loamy-soil-supports-lawns.html,skipped_unique_blurb,"Loamy soil supports lawns by balancing drainage, moisture retention, and root support. It reduces stress and makes consistent growth easier to maintain.",
soil-fertilizer\index.html,/soil-fertilizer/why-compacted-soil-kills-grass.html,skipped_unique_blurb,"Compacted soil kills grass by cutting off air, water movement, and root growth. Decline starts underground long before the lawn looks dead.",
soil-fertilizer\index.html,/soil-fertilizer/how-soil-compaction-happens.html,skipped_unique_blurb,"Soil compaction happens slowly through normal use, water movement, and pressure. Over time it turns living soil into a barrier grass cannot survive in.",
soil-fertilizer\index.html,/soil-fertilizer/signs-of-compacted-lawn-soil.html,skipped_unique_blurb,"Compacted lawn soil reveals itself through stalled growth, poor recovery, and water that never behaves correctly. The warning signs appear before grass dies.",
soil-fertilizer\index.html,/soil-fertilizer/how-compaction-affects-roots.html,skipped_unique_blurb,"Soil compaction affects roots by restricting space, air, and recovery. Root decline begins long before grass shows visible damage.",
soil-fertilizer\index.html,/soil-fertilizer/why-new-construction-soil-is-bad.html,skipped_unique_blurb,"New construction soil struggles because it is compacted, stripped, and disrupted before grass ever grows. These conditions limit roots from the start.",
soil-fertilizer\index.html,/soil-fertilizer/how-long-it-takes-soil-to-recover.html,skipped_unique_blurb,Soil recovery is slow because structure rebuilds before results appear. The timeline depends on damage depth and whether pressure stops long enough for roots to return.,
soil-fertilizer\index.html,/soil-fertilizer/what-soil-drainage-really-means.html,skipped_unique_blurb,Soil drainage is not just how fast water disappears. It is whether water can move through soil without drowning roots or leaving them dry.,
soil-fertilizer\index.html,/soil-fertilizer/how-poor-drainage-damages-soil.html,skipped_unique_blurb,"Poor drainage damages soil by collapsing structure, cutting off oxygen, and preventing recovery. The damage compounds even before grass visibly fails.",
soil-fertilizer\index.html,/soil-fertilizer/why-soil-stays-wet-too-long.html,skipped_unique_blurb,"Soil stays wet too long when structure fails, oxygen disappears, and water has nowhere to go. The problem is physical, not how much you water.",
soil-fertilizer\index.html,/soil-fertilizer/why-soil-dries-out-too-fast.html,skipped_unique_blurb,"Soil dries out too fast when it cannot store moisture in the root zone. The result is shallow roots, unstable growth, and a lawn that never stays comfortable.",
soil-fertilizer\index.html,/soil-fertilizer/how-organic-matter-improves-soil.html,skipped_unique_blurb,"Organic matter improves soil by preventing structural collapse, moisture failure, and root shutdown. Without it, soil steadily loses the ability to support grass at all.",
soil-fertilizer\index.html,/soil-fertilizer/what-organic-matter-actually-does.html,skipped_unique_blurb,"Organic matter does not feed grass directly. It changes how soil functions, how water and air move, and whether roots can survive long enough to matter.",
soil-fertilizer\index.html,/soil-fertilizer/how-much-organic-matter-lawns-need.html,skipped_unique_blurb,Lawns need enough organic matter to keep soil from collapsing into extremes. Too little makes soil fragile. Too much creates its own problems.,
soil-fertilizer\index.html,/soil-fertilizer/why-lawns-lose-organic-matter.html,skipped_unique_blurb,"Lawns lose organic matter because it is constantly being broken down, removed, and prevented from rebuilding. When inputs stop, soil starts slipping backward.",
soil-fertilizer\index.html,/soil-fertilizer/what-fertilizer-really-is.html,skipped_unique_blurb,"Fertilizer is a concentrated nutrient delivery tool, not a soil fix. It can increase growth only when roots and soil conditions already allow uptake.",
soil-fertilizer\index.html,/soil-fertilizer/what-fertilizer-does-and-does-not-do.html,skipped_unique_blurb,"Fertilizer supplies nutrients, but it does not fix soil structure, drainage, or root space. Understanding its limits prevents wasted effort and damage.",
soil-fertilizer\index.html,/soil-fertilizer/difference-between-feeding-soil-and-feeding-g.html,skipped_unique_blurb,Feeding grass boosts short-term growth. Feeding soil determines whether grass survives stress at all. Confusing the two is why many lawns keep failing.,
soil-fertilizer\index.html,/soil-fertilizer/why-fertilizer-doesnt-fix-bad-soil.html,skipped_unique_blurb,"Fertilizer cannot fix bad soil because nutrients do not repair structure, drainage, or root space. When soil fails physically, feeding makes problems worse.",
soil-fertilizer\index.html,/soil-fertilizer/how-fertilizer-affects-grass-color.html,skipped_unique_blurb,"Fertilizer affects grass color by increasing leaf growth and chlorophyll production, not by fixing roots or soil. Color change often hides deeper limits.",
soil-fertilizer\index.html,/soil-fertilizer/why-fertilizer-burns-lawns.html,skipped_unique_blurb,"Fertilizer burns lawns when nutrients overwhelm stressed roots and damaged soil. The burn is a symptom of imbalance, not just too much product.",
soil-fertilizer\index.html,/soil-fertilizer/signs-a-lawn-is-overfertilized.html,skipped_unique_blurb,"Overfertilized lawns show stress long before grass dies. Excess nutrients disrupt roots, soil balance, and recovery, even when growth looks strong at first.",
soil-fertilizer\index.html,/soil-fertilizer/signs-a-lawn-is-underfertilized.html,skipped_unique_blurb,"Underfertilized lawns struggle to maintain color, density, and recovery even when soil is healthy. The signs show up slowly and are easy to miss.",
soil-fertilizer\index.html,/soil-fertilizer/how-often-lawns-actually-need-fertilizer.html,skipped_unique_blurb,"Lawns need fertilizer far less often than most schedules suggest. How long nutrients last depends on soil behavior, not calendars or product labels.",
soil-fertilizer\index.html,/soil-fertilizer/why-more-fertilizer-isnt-better.html,skipped_unique_blurb,"Adding more fertilizer does not improve lawn health. Excess feeding increases stress, weakens roots, and accelerates soil problems instead of fixing them.",
soil-fertilizer\index.html,/soil-fertilizer/how-soil-stores-nutrients.html,skipped_unique_blurb,"Soil stores nutrients through structure, chemistry, and biology. When storage fails, fertilizer disappears and lawns decline despite repeated feeding.",
soil-fertilizer\index.html,/soil-fertilizer/why-nutrients-wash-out-of-soil.html,skipped_unique_blurb,"Nutrients wash out of soil when structure, biology, and timing fail to slow their movement. Loss is a soil behavior problem, not a feeding problem.",
soil-fertilizer\index.html,/soil-fertilizer/how-watering-affects-nutrient-loss.html,skipped_unique_blurb,"Watering controls whether nutrients stay in the root zone or leave the soil. Loss is caused by movement, not lack of fertilizer.",
soil-fertilizer\index.html,/soil-fertilizer/what-soil-amendments-are.html,skipped_unique_blurb,"Soil amendments are materials added to change how soil behaves, not just what it contains. They help only when the real problem matches what they can change.",
soil-fertilizer\index.html,/soil-fertilizer/difference-between-amendments-and-fertilizer.html,skipped_unique_blurb,Fertilizer feeds grass directly. Amendments change how soil behaves. Confusing the two leads to short-term results and long-term failure.,
soil-fertilizer\index.html,/soil-fertilizer/how-amendments-change-soil-structure.html,skipped_unique_blurb,"Amendments change soil structure by changing how soil clumps, breathes, and holds water. If structure does not change, the lawn outcome won’t either.",
soil-fertilizer\index.html,/soil-fertilizer/why-amendments-take-time-to-work.html,skipped_unique_blurb,"Soil amendments take time because they change processes, not symptoms. Real improvement depends on structure, water movement, and root interaction stabilizing over seasons.",
soil-fertilizer\index.html,/soil-fertilizer/when-soil-amendments-make-sense.html,skipped_unique_blurb,"Soil amendments make sense when soil behavior is the problem, not grass variety or fertilizer rates. The right timing depends on limits, not symptoms.",
soil-fertilizer\index.html,/soil-fertilizer/when-amendments-dont-help.html,skipped_unique_blurb,"Soil amendments don’t help when the problem is structural, ongoing, or beyond what surface changes can correct. Knowing when to stop prevents wasted effort.",
soil-fertilizer\index.html,/soil-fertilizer/how-lime-affects-lawn-soil.html,skipped_unique_blurb,"Lime affects lawn soil by changing pH, nutrient availability, and biological activity. Its impact depends on soil chemistry, structure, and application timing.",
soil-fertilizer\index.html,/soil-fertilizer/how-sulfur-affects-lawn-soil.html,skipped_unique_blurb,"Sulfur affects lawn soil by changing how nutrients behave, not by feeding grass directly. Its impact depends on soil condition, time, and limits.",
soil-fertilizer\index.html,/soil-fertilizer/why-soil-ph-matters-for-grass.html,skipped_unique_blurb,"Soil pH matters because it controls whether grass can access what the soil already contains. When pH is off, strength fades even if everything else looks right.",
soil-fertilizer\index.html,/soil-fertilizer/signs-soil-ph-is-wrong.html,skipped_unique_blurb,"Soil pH feels wrong when the lawn won’t respond predictably. The clearest signs are inconsistent growth, uneven color, and fertilizer that stops working.",
soil-fertilizer\index.html,/soil-fertilizer/how-ph-affects-nutrient-uptake.html,skipped_unique_blurb,"pH affects nutrient uptake by deciding what roots can actually use. When pH is off, fertilizer can be present and grass can still act starved.",
soil-fertilizer\index.html,/soil-fertilizer/why-grass-struggles-even-with-fertilizer.html,skipped_unique_blurb,"Fertilizer cannot compensate for failing soil structure. When roots lose access to oxygen and space, added nutrients do nothing to restore growth.",
soil-fertilizer\index.html,/soil-fertilizer/how-microorganisms-affect-soil-health.html,skipped_unique_blurb,"Soil microorganisms control structure, nutrient flow, and recovery. When microbial systems fail, soil stops functioning even if nutrients are present.",
soil-fertilizer\index.html,/soil-fertilizer/why-dead-soil-cant-support-lawns.html,skipped_unique_blurb,"Dead soil can’t support grass because it no longer moves air, water, or roots correctly. When soil stops working, lawns fail no matter what you do.",
soil-fertilizer\index.html,/soil-fertilizer/how-soil-biology-gets-damaged.html,skipped_unique_blurb,"Soil biology gets damaged by construction, traffic, and neglect. Once the living system breaks down, soil stops recovering and lawn problems repeat.",
soil-fertilizer\index.html,/soil-fertilizer/how-chemicals-affect-soil-life.html,skipped_unique_blurb,"Chemicals can disrupt the living layer that keeps soil loose and stable. When that layer weakens, water behavior changes and lawns start failing in repeatable ways.",
soil-fertilizer\index.html,/soil-fertilizer/how-traffic-affects-soil-health.html,skipped_unique_blurb,"Foot traffic and equipment press air out of soil and collapse the spaces roots need. Once soil tightens up, water behavior changes and grass starts failing in obvious patterns.",
soil-fertilizer\index.html,/soil-fertilizer/why-soil-problems-come-back-each-year.html,skipped_unique_blurb,"Soil problems return when the underlying structure never recovers. Seasonal stress exposes the same weaknesses, causing repeat failures in the same places.",
soil-fertilizer\index.html,/soil-fertilizer/how-long-it-takes-to-fix-soil-issues.html,skipped_unique_blurb,"Soil fixes take time because structure changes slowly. Until air and water movement improve, lawns keep showing stress no matter how they are treated.",
soil-fertilizer\index.html,/soil-fertilizer/can-bad-soil-be-fixed-or-replaced.html,skipped_unique_blurb,"Bad soil can sometimes be fixed and sometimes needs replacement. The difference depends on how water, air, and nutrients move through the ground.",
soil-fertilizer\index.html,/soil-fertilizer/when-soil-replacement-makes-sense.html,skipped_unique_blurb,"Soil replacement makes sense when air, water, and roots can no longer move through the ground. At that point, fixes stop working and failure repeats.",
soil-fertilizer\index.html,/soil-fertilizer/why-topdressing-helps-lawns.html,skipped_unique_blurb,"Topdressing helps lawns by restoring usable soil near the surface. When movement returns, roots strengthen and grass stabilizes.",
soil-fertilizer\index.html,/soil-fertilizer/how-topdressing-changes-soil-over-time.html,skipped_unique_blurb,"Topdressing changes soil slowly by rebuilding structure, improving water movement, and restoring root space. The effects show up in predictable stages.",
soil-fertilizer\index.html,/soil-fertilizer/why-one-soil-fix-rarely-works.html,skipped_unique_blurb,"Soil problems rarely come from a single cause. When multiple failures exist underground, fixing one layer leaves the rest unchanged and problems return.",
soil-fertilizer\index.html,/soil-fertilizer/how-seasonal-changes-affect-soil.html,skipped_unique_blurb,"Seasonal changes affect soil by expanding, contracting, drying, and saturating the ground. These shifts alter air, water, and root movement in visible ways.",
soil-fertilizer\index.html,/soil-fertilizer/why-soil-behaves-differently-in-summer.html,skipped_unique_blurb,"Summer heat changes how soil holds water, air, and roots. Those physical shifts explain why lawns struggle even when care stays the same.",
soil-fertilizer\index.html,/soil-fertilizer/why-soil-behaves-differently-in-winter.html,skipped_unique_blurb,"Cold weather changes how soil holds water, air, and roots. Those physical shifts explain winter damage that shows up months later.",
soil-fertilizer\index.html,/soil-fertilizer/how-soil-temperature-affects-roots.html,skipped_unique_blurb,"Soil temperature influences how roots grow, respire, and absorb nutrients. When soil runs too cold or too hot, roots slow first and grass stress follows.",
soil-fertilizer\index.html,/soil-fertilizer/why-frozen-soil-damages-lawns.html,skipped_unique_blurb,"Frozen soil damages lawns by expanding, sealing, and shifting the ground. Those physical changes break roots first, then show up as visible lawn failure.",
soil-fertilizer\index.html,/soil-fertilizer/how-soil-settling-affects-grass.html,skipped_unique_blurb,"Soil settling changes depth, drainage, and root space. As the ground drops and tightens, grass weakens in predictable patterns homeowners can see.",
soil-fertilizer\index.html,/soil-fertilizer/why-uneven-soil-causes-lawn-problems.html,skipped_unique_blurb,"Uneven soil alters water flow, rooting depth, and stress distribution. When the ground varies, lawn performance breaks into predictable weak zones.",
soil-fertilizer\index.html,/soil-fertilizer/how-erosion-affects-lawn-soil.html,skipped_unique_blurb,"Erosion strips away the most important part of lawn soil. As the surface disappears, roots lose stability and grass fails in clear, repeatable ways.",
soil-fertilizer\index.html,/soil-fertilizer/why-sloped-lawns-lose-soil.html,skipped_unique_blurb,"Sloped lawns lose soil because gravity redirects water, pressure, and root growth downhill. The loss happens slowly, then shows up in clear patterns.",
soil-fertilizer\index.html,/soil-fertilizer/how-soil-health-affects-weed-growth.html,skipped_unique_blurb,"Weeds respond to soil conditions faster than grass. When soil is stressed or unbalanced, weeds exploit the gaps and become dominant.",
soil-fertilizer\index.html,/soil-fertilizer/why-poor-soil-encourages-weeds.html,skipped_unique_blurb,"Poor soil weakens grass roots before it limits weeds. As soil function breaks down, weeds take over the open space grass can no longer defend.",
soil-fertilizer\index.html,/soil-fertilizer/how-soil-health-affects-disease.html,skipped_unique_blurb,"Lawn disease starts in soil before it shows on grass. When soil stays wet, tight, or unbalanced, disease pressure rises in visible, repeatable ways.",
soil-fertilizer\index.html,/soil-fertilizer/why-weak-soil-weakens-grass.html,skipped_unique_blurb,"Weak soil fails underground first. When air, water, and nutrients can’t move correctly through soil, grass loses strength long before color fades.",
soil-fertilizer\index.html,/soil-fertilizer/how-soil-interacts-with-watering.html,skipped_unique_blurb,"Watering does not act on grass directly. Soil determines where water moves, how long it remains available, and whether roots can actually use it.",
soil-fertilizer\index.html,/soil-fertilizer/how-soil-interacts-with-fertilizer.html,skipped_unique_blurb,"Fertilizer never feeds grass directly. Soil decides whether nutrients stay available, wash away, or damage roots instead of helping them.",
soil-fertilizer\index.html,/soil-fertilizer/why-fixing-soil-improves-everything.html,skipped_unique_blurb,"Soil controls every other part of lawn care. When soil works properly, watering, fertilizing, and recovery start working automatically.",
soil-fertilizer\index.html,/soil-fertilizer/why-soil-problems-are-often-missed.html,skipped_unique_blurb,"Soil problems develop below the surface long before grass shows damage. By the time symptoms appear, the cause is often overlooked.",
soil-fertilizer\index.html,/soil-fertilizer/how-to-diagnose-soil-issues-correctly.html,skipped_unique_blurb,"Soil problems must be diagnosed by cause, not appearance. Correct diagnosis starts with physical behavior before testing or treatment.",
soil-fertilizer\index.html,/soil-fertilizer/common-lawn-soil-myths.html,skipped_unique_blurb,Many lawn problems persist because soil myths hide the real causes. These common beliefs focus on symptoms instead of how soil actually behaves.,
soil-fertilizer\index.html,/soil-fertilizer/mistakes-that-damage-lawn-soil.html,skipped_unique_blurb,"Most lawn soil damage comes from routine actions that seem harmless. These mistakes change soil structure first, then show up as lawn failure.",
soil-fertilizer\index.html,/soil-fertilizer/why-quick-fixes-fail-on-soil.html,skipped_unique_blurb,"Quick fixes fail on soil because they don’t change structure. Without fixing how soil behaves, results fade and problems return.",
soil-fertilizer\index.html,/soil-fertilizer/how-long-soil-improvements-last.html,skipped_unique_blurb,"Soil improvements last only as long as structure is protected. When pressure, water, and roots stop supporting recovery, gains fade in visible ways.",
soil-fertilizer\index.html,/soil-fertilizer/why-soil-improvements-fade-over-time.html,skipped_unique_blurb,"Soil improvements fade when structure, biology, or depth aren’t rebuilt. Without lasting change underground, old problems return in predictable ways.",
soil-fertilizer\index.html,/soil-fertilizer/when-soil-problems-are-permanent.html,skipped_unique_blurb,"Some soil problems can’t be corrected with care alone. When structure, depth, or biology are gone, recovery stops and failure becomes permanent.",
soil-fertilizer\index.html,/soil-fertilizer/signs-soil-changes-are-working.html,skipped_unique_blurb,"When soil changes work, the lawn responds in specific physical ways. These signs appear underground first, then become visible above the surface.",
soil-fertilizer\index.html,/soil-fertilizer/signs-soil-changes-are-failing.html,skipped_unique_blurb,"When soil changes fail, the lawn shows specific physical warnings. These signs appear as soil behavior breaks down before grass visibly declines.",
soil-fertilizer\index.html,/soil-fertilizer/how-lawn-age-affects-soil-health.html,skipped_unique_blurb,"As lawns age, soil changes physically and biologically. Some changes improve stability while others quietly weaken soil function over time.",
soil-fertilizer\index.html,/soil-fertilizer/why-older-lawns-have-better-soil.html,skipped_unique_blurb,"Older lawns often perform better because soil improves slowly under stable roots. Time allows structure, biology, and balance to develop naturally.",
soil-fertilizer\index.html,/soil-fertilizer/why-new-lawns-struggle-with-soil.html,skipped_unique_blurb,"New lawns struggle because soil hasn’t stabilized yet. Settling, weak structure, and slow recovery limit roots long before grass shows failure.",
soil-fertilizer\index.html,/soil-fertilizer/how-climate-affects-lawn-soil.html,skipped_unique_blurb,"Climate controls how lawn soil behaves long before grass reacts. Heat, cold, rain, and drought change soil structure first, then surface results follow.",
soil-fertilizer\index.html,/soil-fertilizer/why-lawns-fail-despite-fertilizer.html,skipped_unique_blurb,"Lawns fail despite fertilizer when soil can’t support roots. Fertilizer changes color, not structure, and failure starts below the surface.",
soil-fertilizer\index.html,/soil-fertilizer/when-fertilizer-makes-things-worse.html,skipped_unique_blurb,Fertilizer can worsen lawn problems when soil can’t regulate nutrients. Weak structure turns feeding into stress instead of support.,
soil-fertilizer\index.html,/soil-fertilizer/when-soil-is-the-real-problem.html,skipped_unique_blurb,"When soil is the real problem, surface fixes stop working. Water, nutrients, and grass all fail because the system underneath can’t function.",
soil-fertilizer\index.html,/soil-fertilizer/how-to-decide-between-fixing-or-replacing-soil.html,skipped_unique_blurb,"Some soil problems can be fixed, others can’t. The decision depends on depth, structure, and whether soil can still rebuild under roots.",
soil-fertilizer\index.html,/soil-fertilizer/when-soil-issues-mean-starting-over.html,skipped_unique_blurb,"Some soil problems can’t be repaired with surface work. When the root zone can’t rebuild, starting over becomes the only path to a stable lawn.",
tools-safety\index.html,/tools-safety/lawn-tools-homeowners-actually-need.html,skipped_unique_blurb,"Most lawn problems come from excessive or poorly timed equipment use. Homeowners need fewer implements than expected, applied with restraint.",
tools-safety\index.html,/tools-safety/lawn-tools-most-people-dont-need.html,skipped_unique_blurb,"Most lawn damage comes from tools consuming recovery time faster than grass can replace it. Once recovery is exhausted, added effort guarantees decline instead of improvement.",
tools-safety\index.html,/tools-safety/difference-between-manual-and-powered-tools.html,skipped_unique_blurb,Manual and powered tools differ in how quickly they consume the lawn’s ability to recover from disturbance. Faster coverage pushes the system past its limit sooner.,
tools-safety\index.html,/tools-safety/when-manual-tools-make-more-sense.html,skipped_unique_blurb,"Manual tools make more sense when the real limit is how much disruption a lawn and a person can absorb at once. Slower work reduces spread, mistakes, and costly strain.",
tools-safety\index.html,/tools-safety/when-powered-tools-are-necessary.html,skipped_unique_blurb,"Powered tools become necessary when the workload exceeds what slow, localized work can handle before damage spreads. Past that point, delay causes faster decline than disturbance.",
tools-safety\index.html,/tools-safety/how-tool-quality-affects-lawn-results.html,skipped_unique_blurb,"Tool quality determines how much control is preserved during yard work. When control breaks down, damage spreads faster than effort can fix it.",
tools-safety\index.html,/tools-safety/why-cheap-tools-fail-faster.html,skipped_unique_blurb,"Cheap tools fail faster because they lose structural integrity early, turning normal use into uncontrolled force that accelerates damage to lawns and people alike.",
tools-safety\index.html,/tools-safety/why-expensive-tools-arent-always-better.html,skipped_unique_blurb,"Expensive tools often fail to improve lawn results because their output exceeds what the yard and operator can control, producing visible damage instead of cleaner work.",
tools-safety\index.html,/tools-safety/how-often-lawn-tools-should-be-used.html,skipped_unique_blurb,Lawn tools cause visible damage when use outpaces what the yard and operator can absorb. Overuse leaves clear signs long before anything fully breaks.,
tools-safety\index.html,/tools-safety/how-tool-misuse-damages-lawns.html,skipped_unique_blurb,"Tool misuse damages lawns by destroying controllable contact, turning normal yard work into repeated stress that leaves clear marks and worsening results.",
tools-safety\index.html,/tools-safety/how-improper-tools-stress-grass.html,skipped_unique_blurb,"Improper tools stress grass by breaking clean contact with the surface, distorting force, and leaving visible stress patterns that compound faster than the lawn can recover.",
tools-safety\index.html,/tools-safety/common-lawn-tool-mistakes.html,skipped_unique_blurb,"Common lawn tool mistakes compound over time, turning routine maintenance into a source of ongoing damage that spreads across the entire lawn.",
tools-safety\index.html,/tools-safety/how-mowers-actually-cut-grass.html,skipped_unique_blurb,"Mowers cut grass through blade speed and airflow working together to lift, slice, and discharge clippings in a continuous cycle.",
tools-safety\index.html,/tools-safety/how-mower-blade-sharpness-affects-grass.html,skipped_unique_blurb,"Blade sharpness determines whether grass is cut cleanly or torn roughly, with effects that appear within hours and compound over the growing season.",
tools-safety\index.html,/tools-safety/signs-a-mower-blade-is-dull.html,skipped_unique_blurb,"Dull mower blades announce themselves through brown grass tips, uneven cuts, and increased engine strain that appears within days of the last sharpening.",
tools-safety\index.html,/tools-safety/why-dull-blades-damage-lawns.html,skipped_unique_blurb,"Dull mower blades damage lawns by tearing grass fibers, increasing surface stress, and creating visible patterns of decline that worsen with each pass.",
tools-safety\index.html,/tools-safety/how-cutting-height-is-set-on-mowers.html,skipped_unique_blurb,"Cutting height on mowers is set by controlling deck position, wheel alignment, and blade clearance. The lawn reveals when the setting is wrong through scalping, uneven color, and stress patterns.",
tools-safety\index.html,/tools-safety/why-mower-height-is-often-wrong.html,skipped_unique_blurb,"Mower height is often wrong because it ignores how much surface the grass can tolerate at once, leaving clear visual damage even when mowing feels routine.",
tools-safety\index.html,/tools-safety/push-vs-self-propelled-mowers-explained.html,skipped_unique_blurb,"Push and self-propelled mowers differ in how they transfer control during movement. The choice shows up clearly in uneven cuts, operator strain, and visible tracking marks.",
tools-safety\index.html,/tools-safety/electric-vs-gas-lawn-equipment.html,skipped_unique_blurb,"Electric and gas lawn equipment differ in how they deliver force and feedback. The choice shows up clearly in control loss, surface damage, and visible safety strain.",
tools-safety\index.html,/tools-safety/battery-powered-tools-pros-and-cons.html,skipped_unique_blurb,"Battery-powered tools change how long and how evenly work is applied. Their advantages and drawbacks show up clearly in finish quality, missed areas, and repeated wear.",
tools-safety\index.html,/tools-safety/how-runtime-limits-affect-yard-work.html,skipped_unique_blurb,"Runtime limits affect yard work by forcing uneven pacing and unfinished passes. The impact shows up clearly in inconsistent results, repeated wear, and visible decline.",
tools-safety\index.html,/tools-safety/why-tool-weight-matters.html,skipped_unique_blurb,"Tool weight determines how force settles into grass and soil. When weight exceeds what the surface can absorb, damage appears as visible compression, drift, and uneven edges.",
tools-safety\index.html,/tools-safety/how-tool-balance-affects-control.html,skipped_unique_blurb,"Tool balance determines whether force stays guided or drifts unpredictably. Poor balance leaves visible tracking errors, uneven cuts, and loss of control that the lawn records immediately.",
tools-safety\index.html,/tools-safety/string-trimmer-basics-explained.html,skipped_unique_blurb,"String trimmers work by controlled abrasion, not cutting. When control breaks down, grass damage appears immediately as frayed edges, thinning borders, and widening bare zones.",
tools-safety\index.html,/tools-safety/why-trimmers-damage-grass-edges.html,skipped_unique_blurb,"Trimmers damage grass edges by applying repeated high-speed contact to the same narrow zone. The result shows up as thinning borders, frayed blades, and retreating lawn lines.",
tools-safety\index.html,/tools-safety/how-edging-affects-lawn-health.html,skipped_unique_blurb,"Edging affects lawn health by concentrating repeated disturbance along the same narrow boundary. The impact shows up as thinning borders, exposed soil, and retreating grass lines.",
tools-safety\index.html,/tools-safety/difference-between-trimming-and-edging.html,skipped_unique_blurb,"Trimming and edging affect lawns in different ways. The difference shows up clearly in where damage concentrates, how borders change, and whether grass recovers or retreats.",
tools-safety\index.html,/tools-safety/why-over-edging-harms-lawns.html,skipped_unique_blurb,"Over-edging concentrates repeated disturbance into the same boundary until grass can no longer return. The damage shows up as retreating lines, exposed soil, and unstable edges.",
tools-safety\index.html,/tools-safety/blowers-vs-rakes-for-lawn-cleanup.html,skipped_unique_blurb,"Blowers and rakes remove debris in different ways, and the difference shows up in surface stability. One spreads force across the lawn, the other concentrates it, leaving distinct visible outcomes.",
tools-safety\index.html,/tools-safety/why-blowers-can-damage-lawns.html,skipped_unique_blurb,"Blowers damage lawns by stripping surface protection faster than it can be replaced. The harm shows up as flattened grass, exposed soil, and widening weak areas.",
tools-safety\index.html,/tools-safety/how-leaf-buildup-affects-grass.html,skipped_unique_blurb,"Leaf buildup affects grass by blocking contact between blades and the surface. The damage appears as thinning turf, uneven color, and patches that never fully recover.",
tools-safety\index.html,/tools-safety/why-leaving-debris-smothers-lawns.html,skipped_unique_blurb,"Leaving debris on lawns blocks surface function until grass can no longer respond. The damage shows up as flattened turf, uneven color, and bare areas that fail to return.",
tools-safety\index.html,/tools-safety/how-lawn-aerators-actually-work.html,skipped_unique_blurb,"Lawn aerators work by briefly opening the surface so grass can function again. When that opening fails or is mistimed, the lawn shows no improvement and sometimes declines.",
tools-safety\index.html,/tools-safety/when-aeration-tools-make-sense.html,skipped_unique_blurb,"Aeration tools only help when surface pressure is the limiting factor. When used outside that condition, the lawn shows no change or visible decline instead of improvement.",
tools-safety\index.html,/tools-safety/when-aeration-does-nothing.html,skipped_unique_blurb,"Aeration does nothing when surface pressure is not the limiting problem. In those cases, the lawn shows no change, or visible decline continues unchanged.",
tools-safety\index.html,/tools-safety/difference-between-spike-and-core-aerators.html,skipped_unique_blurb,"Spike and core aerators disturb lawns in different ways. The difference shows up clearly in surface response, lasting change, and whether the ground actually rebounds after use.",
tools-safety\index.html,/tools-safety/why-improper-aeration-hurts-soil.html,skipped_unique_blurb,"Improper aeration damages soil by breaking structure faster than it can stabilize. The harm shows up as loose footing, uneven settling, and surfaces that worsen after disturbance.",
tools-safety\index.html,/tools-safety/how-spreaders-actually-distribute-material.html,skipped_unique_blurb,"Spreaders do not apply material evenly across a lawn. They create predictable patterns that show up as streaks, missed zones, and uneven response after application.",
tools-safety\index.html,/tools-safety/why-uneven-spreading-causes-problems.html,skipped_unique_blurb,"Uneven spreading creates zones that receive too much or too little material. The problem shows up as streaks, patchy growth, and areas that never respond the same way.",
tools-safety\index.html,/tools-safety/broadcast-vs-drop-spreaders-explained.html,skipped_unique_blurb,"Broadcast and drop spreaders distribute material in fundamentally different ways. The difference shows up as edge loss, striping, and how clearly mistakes appear afterward.",
tools-safety\index.html,/tools-safety/why-calibration-matters-for-spreaders.html,skipped_unique_blurb,"Spreader calibration controls how much material actually reaches the lawn. When calibration is off, the surface shows striping, stalled growth, and uneven response that cannot be corrected later.",
tools-safety\index.html,/tools-safety/how-tool-maintenance-extends-life.html,skipped_unique_blurb,"Tool maintenance slows the buildup of internal wear that quietly shortens usable life. When wear passes a certain point, tools lose control, efficiency, and reliability at the same time.",
tools-safety\index.html,/tools-safety/why-dirty-tools-fail-faster.html,skipped_unique_blurb,"Dirt speeds up tool failure by accelerating internal wear. The damage shows up as rough movement, lost control, and sudden breakdown after normal use.",
tools-safety\index.html,/tools-safety/how-storage-affects-lawn-tools.html,skipped_unique_blurb,"How tools are stored determines how fast they lose alignment, smooth movement, and reliability. Storage damage shows up later as stiffness, vibration, and uneven performance during use.",
tools-safety\index.html,/tools-safety/why-rust-ruins-equipment.html,skipped_unique_blurb,"Rust destroys equipment by eating away at precise surfaces that tools depend on to move cleanly. The damage shows up as stiffness, vibration, and sudden failure under normal use.",
tools-safety\index.html,/tools-safety/how-weather-damages-yard-tools.html,skipped_unique_blurb,"Weather damages yard tools by steadily breaking down materials and alignment. The effects show up later as stiffness, vibration, and sudden failure during normal use.",
tools-safety\index.html,/tools-safety/why-off-season-care-matters.html,skipped_unique_blurb,Off-season care determines whether tools and lawns restart cleanly or begin the next season already compromised. Problems that form while nothing is happening surface immediately when use resumes.,
tools-safety\index.html,/tools-safety/common-lawn-tool-safety-hazards.html,skipped_unique_blurb,"Most lawn tool injuries come from predictable loss of control during normal use. The warning signs show up as resistance, misalignment, and movement that no longer matches expectations.",
tools-safety\index.html,/tools-safety/how-lawn-injuries-actually-happen.html,skipped_unique_blurb,"Most lawn injuries happen when control disappears faster than the body can react. The failure shows up as sudden movement, delayed response, and contact that was never intended.",
tools-safety\index.html,/tools-safety/why-mowers-cause-most-yard-injuries.html,skipped_unique_blurb,"Mowers cause most yard injuries because they combine power, momentum, and loss of control in a single machine. Injuries follow when movement outpaces reaction under normal use.",
tools-safety\index.html,/tools-safety/how-trimmers-cause-eye-injuries.html,skipped_unique_blurb,"Trimmers cause eye injuries when high-speed debris leaves the cutting zone faster than vision can track. The damage happens suddenly, often without warning or direct contact with the tool.",
tools-safety\index.html,/tools-safety/why-footwear-matters-for-yard-work.html,skipped_unique_blurb,"Footwear matters for yard work because traction and stability determine whether the body can respond to sudden changes. When footing fails, control disappears before awareness can catch up.",
tools-safety\index.html,/tools-safety/why-gloves-prevent-long-term-damage.html,skipped_unique_blurb,"Gloves prevent long-term damage by preserving hand feedback and tissue integrity under repeated stress. When bare hands absorb vibration and friction directly, damage accumulates long before pain appears.",
tools-safety\index.html,/tools-safety/how-hearing-damage-happens-in-yard-work.html,skipped_unique_blurb,"Hearing damage in yard work builds when sustained noise overwhelms the ear’s ability to recover. The harm appears gradually as muffled sound, ringing, and delayed awareness.",
tools-safety\index.html,/tools-safety/why-eye-protection-is-ignored.html,skipped_unique_blurb,"Eye protection gets ignored because the danger rarely announces itself before impact. The first real warning is the hit, not the near miss.",
tools-safety\index.html,/tools-safety/how-fatigue-leads-to-accidents.html,skipped_unique_blurb,Fatigue leads to accidents when the body keeps working after awareness stops refreshing. Mistakes appear quietly before anything feels wrong.,
tools-safety\index.html,/tools-safety/why-rushing-causes-tool-injuries.html,skipped_unique_blurb,Rushing causes tool injuries by compressing time until control breaks. Mistakes appear suddenly because speed removes the margin that normally absorbs error.,
tools-safety\index.html,/tools-safety/how-children-get-hurt-around-lawn-tools.html,skipped_unique_blurb,Children get hurt around lawn tools when active work zones lose clear boundaries. Injuries happen fast because motion and noise hide danger until contact.,
tools-safety\index.html,/tools-safety/why-pets-are-at-risk-during-yard-work.html,skipped_unique_blurb,Pets are at risk during yard work because moving hazards lack clear boundaries. Noise and motion hide danger until a sudden interaction occurs.,
tools-safety\index.html,/tools-safety/how-tool-kickback-happens.html,skipped_unique_blurb,"Tool kickback happens when sudden resistance overwhelms control before the body can react. The force reverses instantly, turning normal motion into impact.",
tools-safety\index.html,/tools-safety/why-slopes-increase-tool-danger.html,skipped_unique_blurb,Slopes increase tool danger by shifting balance before the body can correct. Control fades quietly until gravity finishes the mistake.,
tools-safety\index.html,/tools-safety/how-wet-conditions-increase-injury-risk.html,skipped_unique_blurb,Wet conditions increase injury risk by removing reliable friction before the body can adjust. Control fades quietly until a sudden slip or surge ends it.,
tools-safety\index.html,/tools-safety/why-improper-lifting-causes-back-injuries.html,skipped_unique_blurb,Improper lifting causes back injuries when load forces exceed the body’s alignment window. Damage begins before pain appears and escalates with repetition.,
tools-safety\index.html,/tools-safety/how-repetitive-motion-damages-joints.html,skipped_unique_blurb,Repetitive motion damages joints when the body cannot reset between identical movements. Wear builds quietly until stiffness and pain become constant.,
tools-safety\index.html,/tools-safety/why-yard-work-causes-long-term-pain.html,skipped_unique_blurb,Yard work causes long-term pain when small physical stressors repeat without recovery. Damage builds quietly until discomfort becomes permanent.,
tools-safety\index.html,/tools-safety/how-to-reduce-injury-risk-while-working.html,skipped_unique_blurb,"Injury risk drops when work stays within the body’s control limits. Most harm appears when effort outruns awareness, not when tasks look dangerous.",
tools-safety\index.html,/tools-safety/when-yard-work-should-be-stopped.html,skipped_unique_blurb,Yard work should be stopped when conditions break the ability to maintain control. Damage accelerates once warning signals are ignored.,
tools-safety\index.html,/tools-safety/why-heat-increases-accident-risk.html,skipped_unique_blurb,Heat increases accident risk by degrading physical control before discomfort forces a stop. Errors compound quietly as temperature overwhelms recovery.,
tools-safety\index.html,/tools-safety/how-cold-affects-tool-safety.html,skipped_unique_blurb,Cold affects tool safety by dulling sensation before control feels threatened. Errors grow quietly as feedback disappears from hands and joints.,
tools-safety\index.html,/tools-safety/why-safety-features-get-ignored.html,skipped_unique_blurb,Safety features get ignored because they interrupt flow without providing immediate feedback. Risk feels abstract until motion proves otherwise.,
tools-safety\index.html,/tools-safety/how-tool-guards-actually-protect-users.html,skipped_unique_blurb,"Tool guards protect users by absorbing unexpected contact before force reaches the body. They matter most when control breaks suddenly, not during normal use.",
tools-safety\index.html,/tools-safety/why-disabling-safety-features-is-dangerous.html,skipped_unique_blurb,Disabling safety features is dangerous because it removes the final buffer when control fails. Damage occurs faster than awareness can respond.,
tools-safety\index.html,/tools-safety/how-poor-visibility-causes-accidents.html,skipped_unique_blurb,Poor visibility causes accidents by removing accurate spatial feedback before movement stops. Errors lock in before the hazard is fully seen.,
tools-safety\index.html,/tools-safety/why-night-yard-work-is-risky.html,skipped_unique_blurb,"Night yard work is risky because visibility, awareness, and feedback all degrade at once. Mistakes lock in before danger can be seen or corrected.",
tools-safety\index.html,/tools-safety/how-tool-noise-affects-awareness.html,skipped_unique_blurb,Tool noise affects awareness by masking spatial and timing cues the body relies on to stay oriented. Errors lock in before the hazard is fully perceived.,
tools-safety\index.html,/tools-safety/why-proper-training-matters-for-homeowners.html,skipped_unique_blurb,Proper training matters for homeowners because tools behave differently under real conditions than they appear at rest. Errors lock in when experience can’t fill the gap.,
tools-safety\index.html,/tools-safety/how-experience-reduces-tool-damage.html,skipped_unique_blurb,Experience reduces tool damage by keeping force within controllable limits. Wear drops when users recognize stress early instead of pushing through it.,
tools-safety\index.html,/tools-safety/why-improper-tool-choice-wastes-time.html,skipped_unique_blurb,Improper tool choice wastes time by forcing work outside its effective range. Progress slows as effort rises without improving results.,
tools-safety\index.html,/tools-safety/how-tool-failure-delays-lawn-recovery.html,skipped_unique_blurb,"Tool failure delays lawn recovery by interrupting clean, consistent contact. Damage spreads while repair waits, extending visible stress far beyond the original work.",
tools-safety\index.html,/tools-safety/why-equipment-problems-compound-lawn-issues.html,skipped_unique_blurb,Equipment problems compound lawn issues by turning small inefficiencies into repeated damage. Each pass magnifies stress instead of resolving it.,
tools-safety\index.html,/tools-safety/how-tool-wear-affects-results.html,skipped_unique_blurb,Tool wear affects results by eroding precision before failure is obvious. Output degrades quietly as force replaces control.,
tools-safety\index.html,/tools-safety/when-tools-are-the-real-problem.html,skipped_unique_blurb,Tools are the real problem when effort increases but results stall. Damage persists because the system cannot apply force cleanly or consistently.,
tools-safety\index.html,/tools-safety/why-replacing-tools-fixes-lawn-issues.html,skipped_unique_blurb,"Replacing tools fixes lawn issues when worn or compromised equipment can no longer deliver clean, consistent contact. Recovery begins once mechanical limits are removed.",
tools-safety\index.html,/tools-safety/when-repairs-make-more-sense-than-replacement.html,skipped_unique_blurb,Repairs make more sense than replacement when performance loss comes from isolated wear instead of structural failure. Fixing the limiter restores function without resetting the whole system.,
tools-safety\index.html,/tools-safety/how-long-lawn-tools-typically-last.html,skipped_unique_blurb,"Lawn tools last as long as their internal tolerances stay intact. Lifespan ends when wear prevents consistent control, not when the tool stops running.",
tools-safety\index.html,/tools-safety/signs-a-tool-is-beyond-repair.html,skipped_unique_blurb,"A tool is beyond repair when damage removes its ability to return to stable, predictable behavior. Continued fixes stop restoring control and only delay failure.",
tools-safety\index.html,/tools-safety/how-tool-quality-impacts-safety.html,skipped_unique_blurb,Tool quality impacts safety by determining how predictably force is delivered. Poor construction removes feedback and increases sudden failure under normal use.,
tools-safety\index.html,/tools-safety/why-cheap-safety-gear-fails.html,skipped_unique_blurb,Cheap safety gear fails by breaking feedback and fit under real use. Protection collapses when materials cannot maintain shape or position.,
tools-safety\index.html,/tools-safety/how-proper-gear-improves-efficiency.html,skipped_unique_blurb,Proper gear improves efficiency by keeping force aligned and usable across the entire task. Work speeds up when effort stops leaking into correction and recovery.,
tools-safety\index.html,/tools-safety/why-yard-work-is-more-dangerous-than-it-looks.html,skipped_unique_blurb,Yard work is more dangerous than it looks because familiar tasks hide compounding risk. Small misalignments build until control disappears without warning.,
tools-safety\index.html,/tools-safety/how-small-injuries-turn-serious.html,skipped_unique_blurb,Small injuries turn serious when minor damage repeats without recovery. Escalation happens quietly until normal movement no longer feels normal.,
tools-safety\index.html,/tools-safety/why-safety-planning-is-ignored.html,skipped_unique_blurb,Safety planning is ignored because risk feels distant until control is already reduced. Familiar tasks create false confidence that removes preparation time.,
tools-safety\index.html,/tools-safety/how-yard-accidents-can-be-prevented.html,skipped_unique_blurb,Yard accidents can be prevented when loss of control is identified before contact happens. Most incidents form gradually as limits are crossed without awareness.,
tools-safety\index.html,/tools-safety/why-most-yard-injuries-are-avoidable.html,skipped_unique_blurb,"Most yard injuries are avoidable because the danger builds before the incident happens. Injuries follow predictable loss of control, not random bad luck.",
tools-safety\index.html,/tools-safety/common-lawn-tool-myths.html,skipped_unique_blurb,Common lawn tool myths persist because visible damage lags behind misuse. Beliefs feel true until control is already compromised.,
tools-safety\index.html,/tools-safety/mistakes-that-shorten-tool-life.html,skipped_unique_blurb,Tool life shortens when stress is applied faster than wear can dissipate. Small misuse compounds until normal operation permanently degrades.,
tools-safety\index.html,/tools-safety/mistakes-that-increase-injury-risk.html,skipped_unique_blurb,Injury risk rises when small control errors stack faster than awareness can correct them. Most accidents follow predictable mistakes that narrow reaction time.,
tools-safety\index.html,/tools-safety/when-yard-work-causes-more-harm-than-good.html,skipped_unique_blurb,Yard work causes more harm than good when effort continues past the point of effective control. Damage accumulates quietly until results reverse.,
tools-safety\index.html,/tools-safety/when-hiring-help-is-the-safer-option.html,skipped_unique_blurb,Hiring help becomes the safer option when task demands exceed personal control limits. Risk rises quietly until outcomes depend on chance instead of skill.,
watering-irrigation\index.html,/watering-irrigation/how-much-water-grass-actually-needs.html,skipped_unique_blurb,Grass needs far less water than most people apply. Problems start when water volume exceeds the soil’s ability to release it between cycles.,
watering-irrigation\index.html,/watering-irrigation/how-often-lawns-should-be-watered.html,skipped_unique_blurb,Lawns should be watered only as often as the soil can release moisture between cycles. Overwatering frequency causes stress long before grass looks dry.,
watering-irrigation\index.html,/watering-irrigation/best-time-of-day-to-water-a-lawn.html,skipped_unique_blurb,The best time of day to water a lawn is when water can soak in and the surface can dry soon after. Timing fails when moisture lingers and the root zone stays saturated.,
watering-irrigation\index.html,/watering-irrigation/worst-time-of-day-to-water-grass.html,skipped_unique_blurb,"Watering at the wrong time wastes water, encourages disease, and leaves grass weaker than proper timing would. Some windows do more harm than no watering at all.",
watering-irrigation\index.html,/watering-irrigation/how-long-to-water-a-lawn-each-time.html,skipped_unique_blurb,Watering duration matters because soil can only absorb moisture at a limited pace. Water applied beyond that point stops helping and starts changing the ground.,
watering-irrigation\index.html,/watering-irrigation/signs-a-lawn-is-overwatered.html,skipped_unique_blurb,An overwatered lawn shows stress even while staying green. Excess moisture changes soil behavior until grass declines despite constant watering.,
watering-irrigation\index.html,/watering-irrigation/signs-a-lawn-is-underwatered.html,skipped_unique_blurb,"An underwatered lawn shows stress through texture, response, and recovery speed. Lack of moisture changes how grass behaves long before it fully browns.",
watering-irrigation\index.html,/watering-irrigation/how-to-tell-if-water-is-reaching-roots.html,skipped_unique_blurb,Water reaches roots only when moisture moves past the surface layer and stays long enough to be absorbed. Surface wetness alone gives no reliable signal.,
watering-irrigation\index.html,/watering-irrigation/why-shallow-watering-fails.html,skipped_unique_blurb,Shallow watering fails because moisture never reaches the zone that supports grass long term. Surface wetness creates instability that shows up later as decline.,
watering-irrigation\index.html,/watering-irrigation/why-deep-watering-works-better.html,skipped_unique_blurb,Deep watering works better because it stabilizes root depth and soil behavior. Moisture placed lower in the profile produces steadier growth and fewer failures.,
watering-irrigation\index.html,/watering-irrigation/how-soil-type-affects-watering.html,skipped_unique_blurb,"Soil type controls how water moves, holds, and releases below the lawn surface. Watering succeeds or fails based on how the soil manages that movement.",
watering-irrigation\index.html,/watering-irrigation/how-clay-soil-handles-water.html,skipped_unique_blurb,Clay soil handles water by slowing absorption and holding moisture longer than most lawns expect. That delay makes timing errors show up as lingering wetness and uneven stress.,
watering-irrigation\index.html,/watering-irrigation/how-sandy-soil-handles-water.html,skipped_unique_blurb,Sandy soil moves water quickly and releases it just as fast. That speed creates short-lived moisture and uneven support unless timing aligns with soil behavior.,
watering-irrigation\index.html,/watering-irrigation/how-compacted-soil-affects-drainage.html,skipped_unique_blurb,"Compacted soil disrupts drainage by squeezing out the spaces water normally moves through. Moisture lingers where it should pass, and grass weakens from below.",
watering-irrigation\index.html,/watering-irrigation/why-water-pools-on-lawns.html,skipped_unique_blurb,Water pools on lawns when the ground cannot accept water as fast as it arrives. Pooling is a visible signal that movement has failed below the surface.,
watering-irrigation\index.html,/watering-irrigation/why-water-runs-off-instead-of-soaking-in.html,skipped_unique_blurb,Water runs off when the ground cannot accept water at the rate it arrives. Runoff is a visible sign that water is moving across the surface instead of entering the soil.,
watering-irrigation\index.html,/watering-irrigation/how-slope-affects-lawn-watering.html,skipped_unique_blurb,Slope changes where water goes the moment it hits the ground. Even small angles can turn a full watering into uneven soaking and uneven stress.,
watering-irrigation\index.html,/watering-irrigation/how-to-water-sloped-lawns-properly.html,skipped_unique_blurb,"Sloped lawns fail when water moves away faster than soil can absorb it. The real issue is contact time, not how much water is applied.",
watering-irrigation\index.html,/watering-irrigation/why-lawns-stay-wet-too-long.html,skipped_unique_blurb,"Lawns stay wet too long when water movement slows below the soil surface. Moisture lingers, recovery stalls, and damage builds quietly over time.",
watering-irrigation\index.html,/watering-irrigation/how-long-grass-can-stay-wet-safely.html,skipped_unique_blurb,"Grass can tolerate wet conditions only for a limited time before oxygen loss and soil breakdown begin. Safety depends on duration, not just appearance.",
watering-irrigation\index.html,/watering-irrigation/why-standing-water-kills-grass.html,skipped_unique_blurb,"Standing water kills grass by cutting off oxygen, collapsing soil structure, and forcing roots into survival mode. Damage begins long before grass turns brown.",
watering-irrigation\index.html,/watering-irrigation/how-drainage-problems-start.html,skipped_unique_blurb,Drainage problems start when water movement slows below the surface and soil stops resetting between wet periods. The failure begins quietly and compounds over time.,
watering-irrigation\index.html,/watering-irrigation/signs-of-poor-lawn-drainage.html,skipped_unique_blurb,"Poor lawn drainage shows up through delayed drying, uneven growth, and recurring stress patterns. The signs appear long before standing water becomes obvious.",
watering-irrigation\index.html,/watering-irrigation/how-drainage-problems-spread.html,skipped_unique_blurb,"Drainage problems spread as water movement slows, soil structure weakens, and roots retreat. What starts small expands through repetition, not neglect.",
watering-irrigation\index.html,/watering-irrigation/why-drainage-gets-worse-over-time.html,skipped_unique_blurb,"Drainage gets worse over time as soil structure weakens, recovery windows shrink, and water lingers longer with each cycle. The decline is gradual but cumulative.",
watering-irrigation\index.html,/watering-irrigation/difference-between-surface-and-subsurface-dra.html,skipped_unique_blurb,"Surface and subsurface drainage handle water in very different ways. One moves visible water away, while the other controls what happens below the grass.",
watering-irrigation\index.html,/watering-irrigation/what-lawn-drainage-systems-do.html,skipped_unique_blurb,Lawn drainage systems manage where water goes after it lands. Their real job is preventing long wet periods that quietly weaken roots and soil.,
watering-irrigation\index.html,/watering-irrigation/when-a-lawn-needs-drainage-help.html,skipped_unique_blurb,A lawn needs drainage help when water no longer clears within a normal window and recovery keeps falling behind. The warning signs show up before standing water becomes obvious.,
watering-irrigation\index.html,/watering-irrigation/how-rainfall-patterns-affect-lawns.html,skipped_unique_blurb,"Rainfall patterns matter more than total rainfall. Spacing, intensity, and repetition determine whether lawns recover or quietly decline.",
watering-irrigation\index.html,/watering-irrigation/why-heavy-rain-damages-lawns.html,skipped_unique_blurb,"Heavy rain damages lawns by overwhelming soil, cutting off oxygen, and disrupting recovery. The harm comes from intensity and duration, not just water amount.",
watering-irrigation\index.html,/watering-irrigation/why-light-frequent-rain-can-be-worse.html,skipped_unique_blurb,"Light, frequent rain can damage lawns by keeping soil constantly wet without allowing recovery. The problem is repetition, not intensity.",
watering-irrigation\index.html,/watering-irrigation/how-drought-changes-soil-behavior.html,skipped_unique_blurb,"Drought changes how soil moves water, air, and roots. The damage is structural and continues even after rain returns.",
watering-irrigation\index.html,/watering-irrigation/how-long-lawns-can-go-without-water.html,skipped_unique_blurb,"Lawns can survive without water longer than most people expect, but tolerance depends on soil behavior, root depth, and prior stress. Damage starts before grass turns brown.",
watering-irrigation\index.html,/watering-irrigation/can-lawns-recover-after-drought.html,skipped_unique_blurb,"Lawns can recover after drought, but recovery depends on what happened below the surface. Root loss and soil damage matter more than surface color.",
watering-irrigation\index.html,/watering-irrigation/why-overwatering-causes-disease.html,skipped_unique_blurb,Overwatering causes disease by keeping roots stressed and soil sealed. Pathogens take hold when recovery never finishes between wet periods.,
watering-irrigation\index.html,/watering-irrigation/why-underwatering-weakens-grass.html,skipped_unique_blurb,"Underwatering weakens grass by shrinking roots, reducing recovery capacity, and lowering stress tolerance. Damage starts below the surface before color fades.",
watering-irrigation\index.html,/watering-irrigation/how-watering-affects-root-depth.html,skipped_unique_blurb,"Watering patterns determine how deep roots grow. Depth changes how stable, resilient, and recoverable a lawn becomes under stress.",
watering-irrigation\index.html,/watering-irrigation/how-to-encourage-deeper-roots.html,skipped_unique_blurb,"Deeper roots develop when soil conditions reward depth instead of surface survival. Root depth reflects long-term water behavior, not short-term effort.",
watering-irrigation\index.html,/watering-irrigation/why-newly-planted-grass-needs-different-water.html,skipped_unique_blurb,Newly planted grass needs different water because roots are undeveloped and soil contact is incomplete. Early watering shapes whether the lawn stabilizes or struggles.,
watering-irrigation\index.html,/watering-irrigation/how-to-water-new-lawns-properly.html,skipped_unique_blurb,New lawns respond to water differently because roots and soil are still unstable. Early watering patterns decide whether the lawn settles or struggles later.,
watering-irrigation\index.html,/watering-irrigation/how-long-new-grass-needs-extra-water.html,skipped_unique_blurb,New grass needs extra water only while roots and soil are still unstable. The need fades as contact improves and depth begins to form.,
watering-irrigation\index.html,/watering-irrigation/can-you-overwater-new-grass.html,skipped_unique_blurb,New grass can be overwatered when constant moisture blocks oxygen and delays root attachment. Damage begins below the surface before growth slows.,
watering-irrigation\index.html,/watering-irrigation/why-established-lawns-need-less-water.html,skipped_unique_blurb,"Established lawns need less water because roots, soil, and surface structure work together to hold moisture longer. Stability reduces constant demand.",
watering-irrigation\index.html,/watering-irrigation/how-shade-affects-water-needs.html,skipped_unique_blurb,Shade changes how long water stays active in the soil and how slowly lawns recover. Lower evaporation reduces demand but increases risk when moisture lingers.,
watering-irrigation\index.html,/watering-irrigation/how-sun-exposure-changes-water-demand.html,skipped_unique_blurb,"Sun exposure changes how fast water leaves the lawn and how quickly stress builds. More sun increases demand, but it also speeds recovery when timing is right.",
watering-irrigation\index.html,/watering-irrigation/why-lawns-near-concrete-dry-faster.html,skipped_unique_blurb,"Lawns near concrete dry faster because heat, airflow, and runoff work against moisture retention. The environment pulls water away before roots can use it.",
watering-irrigation\index.html,/watering-irrigation/how-heat-changes-water-requirements.html,skipped_unique_blurb,"Heat changes how quickly lawns lose water and how little room there is for recovery. As temperatures rise, timing mistakes compound faster than volume can fix.",
watering-irrigation\index.html,/watering-irrigation/why-wind-increases-water-loss.html,skipped_unique_blurb,Wind accelerates water loss by breaking moisture stability at the surface and disrupting irrigation delivery. Lawns dry faster even without high heat.,
watering-irrigation\index.html,/watering-irrigation/how-humidity-affects-watering.html,skipped_unique_blurb,Humidity changes how quickly lawns dry and how long water stays on the surface. High humidity can make watering look successful while roots get less usable oxygen and moisture.,
watering-irrigation\index.html,/watering-irrigation/why-lawns-look-worse-after-watering.html,skipped_unique_blurb,"Lawns can look worse after watering when water exposes weak rooting, uneven coverage, or poor drainage. Moisture changes how blades stand, how soil supports traffic, and how stress shows up.",
watering-irrigation\index.html,/watering-irrigation/how-irrigation-systems-actually-work.html,skipped_unique_blurb,"Irrigation systems are timed distribution machines, not smart watering. They deliver patterns based on pressure and spacing, and the lawn’s results depend on what the soil can accept.",
watering-irrigation\index.html,/watering-irrigation/difference-between-sprinklers-and-drip-system.html,skipped_unique_blurb,"Sprinklers and drip systems deliver water in fundamentally different ways. The difference is not efficiency claims, but how each method interacts with soil, roots, and recovery time.",
watering-irrigation\index.html,/watering-irrigation/when-sprinkler-systems-make-sense.html,skipped_unique_blurb,"Sprinkler systems make sense when surface coverage, timing control, and soil response align. Their usefulness depends on how water moves after it lands, not just how evenly it sprays.",
watering-irrigation\index.html,/watering-irrigation/when-drip-irrigation-is-better.html,skipped_unique_blurb,"Drip irrigation works best when surface watering causes waste or stress. It delivers water where roots can actually use it, reducing exposure, loss, and timing errors.",
watering-irrigation\index.html,/watering-irrigation/how-even-water-distribution-matters.html,skipped_unique_blurb,Even water distribution determines whether a lawn develops stable roots or constant stress zones. Uneven coverage creates hidden failure points that watering volume alone cannot fix.,
watering-irrigation\index.html,/watering-irrigation/why-some-lawn-areas-stay-dry.html,skipped_unique_blurb,"Some lawn areas stay dry because water never reaches or stays in the root zone evenly. Distribution limits, soil behavior, and root patterns matter more than total watering time.",
watering-irrigation\index.html,/watering-irrigation/why-some-lawn-areas-stay-wet.html,skipped_unique_blurb,"Some lawn areas stay wet because water cannot move or clear evenly. Drainage limits, timing conflicts, and repeated seasonal patterns keep certain zones from ever fully resetting.",
watering-irrigation\index.html,/watering-irrigation/how-to-spot-irrigation-coverage-gaps.html,skipped_unique_blurb,Irrigation coverage gaps show up where watering patterns fail to overlap and the root zone never gets a full dose. These gaps create predictable stress areas that repeat no matter how long the system runs.,
watering-irrigation\index.html,/watering-irrigation/how-irrigation-timing-affects-results.html,skipped_unique_blurb,Irrigation timing changes whether water becomes usable moisture or wasted stress. The same amount of water can help or harm depending on when it lands and how long the lawn stays wet afterward.,
watering-irrigation\index.html,/watering-irrigation/why-night-watering-can-cause-problems.html,skipped_unique_blurb,"Night watering often keeps lawns wet longer than they can recover. Extended moisture changes oxygen flow, root function, and stress response even when water volume seems reasonable.",
watering-irrigation\index.html,/watering-irrigation/why-morning-watering-is-usually-best.html,skipped_unique_blurb,Morning watering gives lawns time to absorb moisture and recover before stress builds. Water reaches roots more reliably while excess clears before oxygen becomes limited.,
watering-irrigation\index.html,/watering-irrigation/how-water-pressure-affects-irrigation.html,skipped_unique_blurb,"Water pressure determines how irrigation systems actually deliver water. Too much or too little pressure changes coverage, depth, and how water moves through the lawn.",
watering-irrigation\index.html,/watering-irrigation/how-clogged-systems-affect-lawns.html,skipped_unique_blurb,Clogged irrigation systems quietly change how water is delivered. Reduced flow and uneven spray patterns create stress that looks like soil or drainage trouble but starts in the system itself.,
watering-irrigation\index.html,/watering-irrigation/why-irrigation-systems-drift-over-time.html,skipped_unique_blurb,Irrigation systems slowly change how they deliver water as components wear and conditions shift. That drift alters coverage and depth even when schedules never change.,
watering-irrigation\index.html,/watering-irrigation/how-seasonal-changes-affect-watering.html,skipped_unique_blurb,"Seasonal changes alter how lawns absorb, use, and recover from water. The same schedule can help in one season and quietly cause stress in another.",
watering-irrigation\index.html,/watering-irrigation/why-spring-watering-is-tricky.html,skipped_unique_blurb,"Spring watering feels simple but often creates long-term problems. Rapid weather shifts, uneven soil recovery, and early growth make water behavior harder to predict.",
watering-irrigation\index.html,/watering-irrigation/why-summer-watering-is-critical.html,skipped_unique_blurb,"Summer places lawns under sustained stress where water timing and delivery determine survival. Heat, evaporation, and recovery limits leave little margin for error.",
watering-irrigation\index.html,/watering-irrigation/why-fall-watering-is-often-missed.html,skipped_unique_blurb,Fall watering is often overlooked because lawns look stable while conditions quietly change. Reduced heat masks water stress just as roots prepare for long-term survival.,
watering-irrigation\index.html,/watering-irrigation/should-lawns-be-watered-in-winter.html,skipped_unique_blurb,"Winter watering depends on whether soil is actually drying and whether grass can still use moisture. The wrong watering keeps the lawn cold, weak, and slow to recover.",
watering-irrigation\index.html,/watering-irrigation/how-freezing-temperatures-affect-watering.html,skipped_unique_blurb,"Freezing temperatures change how water moves, freezes, and damages systems. Watering during freezes affects soil structure, roots, and irrigation reliability.",
watering-irrigation\index.html,/watering-irrigation/how-watering-impacts-weed-growth.html,skipped_unique_blurb,"Watering patterns determine which plants gain ground first. Weed growth increases when moisture timing and placement favor shallow, fast-rooted plants over turf.",
watering-irrigation\index.html,/watering-irrigation/why-overwatering-encourages-weeds.html,skipped_unique_blurb,"Overwatering reshapes soil behavior in ways that quietly favor weeds. Constant moisture weakens turf structure while rewarding fast, shallow growth.",
watering-irrigation\index.html,/watering-irrigation/how-drainage-affects-weed-problems.html,skipped_unique_blurb,Drainage determines how long soil remains saturated after water events. Prolonged saturation favors weeds by delaying turf recovery and weakening surface resistance.,
watering-irrigation\index.html,/watering-irrigation/how-water-stress-attracts-pests.html,skipped_unique_blurb,"Water stress weakens turf long before grass looks dead. Once recovery falls behind moisture swings, pests gain easy access and enough time to build pressure.",
watering-irrigation\index.html,/watering-irrigation/why-poor-drainage-encourages-disease.html,skipped_unique_blurb,Poor drainage keeps lawns wet longer than they can tolerate. That extra wet time weakens turf recovery and creates steady conditions where disease spreads and keeps returning.,
watering-irrigation\index.html,/watering-irrigation/how-long-it-takes-water-issues-to-show.html,skipped_unique_blurb,Water problems rarely show up the same day they start. The delay depends on how fast the root zone changes and how often the lawn repeats the same stress.,
watering-irrigation\index.html,/watering-irrigation/why-fixing-water-problems-takes-time.html,skipped_unique_blurb,"Water problems don’t end when watering changes start. Because damage builds below the surface first, recovery always lags behind the fix that caused it.",
watering-irrigation\index.html,/watering-irrigation/can-lawns-recover-after-flooding.html,skipped_unique_blurb,"Lawns can recover after flooding, but recovery depends on how long water stayed, how soil changed, and whether normal drying can return. Flood damage shows up in stages, not all at once.",
watering-irrigation\index.html,/watering-irrigation/how-flooding-changes-soil-structure.html,skipped_unique_blurb,"Flooding alters soil structure by collapsing air spaces, compacting particles, and changing how water moves afterward. These changes persist long after surface water disappears.",
watering-irrigation\index.html,/watering-irrigation/why-some-lawns-never-dry-out.html,skipped_unique_blurb,"Some lawns stay wet because water movement never resets. Soil structure, watering habits, and micro-conditions combine to trap moisture long after watering ends.",
watering-irrigation\index.html,/watering-irrigation/how-lawn-age-affects-water-needs.html,skipped_unique_blurb,"Lawn water needs change as roots deepen, soil structure stabilizes, and growth patterns mature. Age determines how quickly grass uses water and how well it recovers from stress.",
watering-irrigation\index.html,/watering-irrigation/why-new-construction-lawns-drain-poorly.html,skipped_unique_blurb,"New construction lawns often drain poorly because soil structure is disturbed, compacted, and unfinished. Drainage problems come from how the ground was handled before grass was ever planted.",
watering-irrigation\index.html,/watering-irrigation/how-soil-settling-affects-drainage.html,skipped_unique_blurb,"Soil settling changes how water moves by compressing pores, shifting slopes, and altering root zones. Drainage problems often appear months after soil initially looks stable.",
watering-irrigation\index.html,/watering-irrigation/why-water-problems-reappear-each-year.html,skipped_unique_blurb,"Water problems return when soil structure, root behavior, and irrigation delivery never truly change. Seasonal stress exposes the same weaknesses on a repeating schedule.",
watering-irrigation\index.html,/watering-irrigation/how-to-diagnose-water-issues-correctly.html,skipped_unique_blurb,"Diagnosing water issues requires separating symptoms from causes and observing how soil, roots, and moisture behave over time. Correct diagnosis prevents repeating the same failed adjustments.",
watering-irrigation\index.html,/watering-irrigation/common-lawn-watering-myths.html,skipped_unique_blurb,Many lawn watering myths persist because short-term results look convincing. These misconceptions often hide deeper problems that repeat season after season.,
watering-irrigation\index.html,/watering-irrigation/mistakes-that-waste-lawn-water.html,skipped_unique_blurb,"Lawn water gets wasted when watering choices miss the real limiter. Timing, absorption, coverage, and misread symptoms can burn through water without improving turf health.",
watering-irrigation\index.html,/watering-irrigation/mistakes-that-damage-lawns-with-water.html,skipped_unique_blurb,"Water damages lawns when timing, depth, and drainage mistakes repeat faster than recovery can finish. The most harmful issues come from predictable patterns, not isolated events.",
watering-irrigation\index.html,/watering-irrigation/how-long-it-takes-to-fix-drainage.html,skipped_unique_blurb,"Fixing lawn drainage takes time because soil structure and water movement change slowly. True improvement appears as reliable dry-down, not quick surface results.",
watering-irrigation\index.html,/watering-irrigation/when-water-problems-are-permanent.html,skipped_unique_blurb,"Some lawn water problems reach a point where normal adjustments no longer work. Permanent issues are defined by soil limits, repeated stress, and failed recovery cycles.",
watering-irrigation\index.html,/watering-irrigation/signs-watering-changes-are-working.html,skipped_unique_blurb,"Effective watering changes show up as predictable recovery, stable soil behavior, and improved root response. Real progress appears gradually through consistent patterns, not instant visual changes.",
watering-irrigation\index.html,/watering-irrigation/signs-watering-changes-are-failing.html,skipped_unique_blurb,"Failing watering changes show up as incomplete recovery, unstable soil behavior, and repeated stress despite adjustments. When patterns worsen instead of stabilizing, watering is not working.",
watering-irrigation\index.html,/watering-irrigation/when-to-adjust-watering-schedules.html,skipped_unique_blurb,"Watering schedules should change only when lawn behavior shows clear signals. Correct adjustments respond to soil feedback, recovery patterns, and environmental shifts, not guesswork.",
watering-irrigation\index.html,/watering-irrigation/how-to-prepare-lawns-for-rainy-seasons.html,skipped_unique_blurb,"Rainy seasons expose drainage limits, weak soil structure, and uneven watering habits. Preparation is about controlling saturation time, protecting soil pores, and keeping turf resilient.",
watering-irrigation\index.html,/watering-irrigation/how-to-prepare-lawns-for-dry-seasons.html,skipped_unique_blurb,"Dry seasons stress lawns through moisture loss, shallow rooting, and uneven recovery. Preparation focuses on preserving soil moisture, controlling runoff, and strengthening root systems before demand spikes.",
watering-irrigation\index.html,/watering-irrigation/how-climate-affects-lawn-watering.html,skipped_unique_blurb,"Climate controls how lawns lose water, recover from stress, and respond to irrigation. Temperature, humidity, wind, and rainfall patterns all change how watering must be managed.",
watering-irrigation\index.html,/watering-irrigation/why-lawns-fail-despite-regular-watering.html,skipped_unique_blurb,"Regular watering can still fail when coverage, timing, soil structure, and recovery patterns are wrong. Lawns fail when water does not reach roots reliably or stays harmful too long.",
watering-irrigation\index.html,/watering-irrigation/when-watering-is-not-the-real-problem.html,skipped_unique_blurb,"Watering gets blamed for many lawn failures that are actually caused by soil limits, coverage gaps, and damage that water cannot fix. The real problem is confirmed when changes stop producing consistent recovery.",
watering-irrigation\index.html,/watering-irrigation/how-watering-interacts-with-soil-health.html,skipped_unique_blurb,"Watering affects soil health by changing pore space, oxygen access, root depth, and how nutrients move through the profile. Healthy watering builds stable structure, while harmful watering collapses it.",
watering-irrigation\index.html,/watering-irrigation/when-lawn-water-issues-mean-starting-over.html,skipped_unique_blurb,"Some lawn water problems reach a point where adjustment no longer works. Starting over becomes necessary when roots, soil structure, and drainage are too damaged to recover predictably.",
weeds-pests\index.html,/weeds-pests/why-weeds-grow-in-lawns.html,skipped_unique_blurb,Weeds grow in lawns when grass cannot recover fast enough to hold space. Timing failures allow weeds to establish before turf can close gaps.,
weeds-pests\index.html,/weeds-pests/difference-between-weeds-and-grass.html,skipped_unique_blurb,"Weeds and grass differ in how they recover from stress, not in how they look. Recovery speed and tolerance explain why weeds persist when lawns weaken.",
weeds-pests\index.html,/weeds-pests/most-common-lawn-weeds.html,skipped_unique_blurb,"Common lawn weeds appear where recovery falls behind disturbance. Their presence reflects timing and exposure problems, not random invasion.",
weeds-pests\index.html,/weeds-pests/how-weeds-spread-in-yards.html,skipped_unique_blurb,"Weeds spread through yards by exploiting recovery gaps, repeated disturbance, and uneven conditions. Expansion follows opportunity, not random movement.",
weeds-pests\index.html,/weeds-pests/why-weeds-take-over-thin-lawns.html,skipped_unique_blurb,Weeds take over thin lawns because recovery cannot close space fast enough. Thin turf loses competitive pressure long before it looks severely damaged.,
weeds-pests\index.html,/weeds-pests/annual-vs-perennial-weeds-explained.html,skipped_unique_blurb,"Annual and perennial weeds differ in how long they exploit recovery gaps. Lifespan shapes spread behavior, timing pressure, and control difficulty.",
weeds-pests\index.html,/weeds-pests/how-fast-weeds-grow-compared-to-grass.html,skipped_unique_blurb,"Weeds grow faster than grass because their survival strategy prioritizes rapid recovery over stability. Speed, not strength, determines early dominance.",
weeds-pests\index.html,/weeds-pests/why-weeds-grow-faster-than-grass.html,skipped_unique_blurb,Weeds grow faster than grass because they are built to exploit interruption. Speed allows them to claim space before turf can recover.,
weeds-pests\index.html,/weeds-pests/can-weeds-kill-grass.html,skipped_unique_blurb,"Weeds can kill grass by taking space, light, and moisture after turf recovery fails. They rarely start the damage, but they can finish it.",
weeds-pests\index.html,/weeds-pests/why-weeds-grow-in-patches.html,skipped_unique_blurb,Weeds grow in patches because lawn failure is uneven. Localized stress creates repeatable weak zones that weeds exploit faster than grass can recover.,
weeds-pests\index.html,/weeds-pests/why-weeds-keep-coming-back.html,skipped_unique_blurb,Weeds keep coming back because the conditions that allow them never fully change. Removal treats symptoms while recovery gaps remain open.,
weeds-pests\index.html,/weeds-pests/when-weeds-are-hardest-to-kill.html,skipped_unique_blurb,Weeds are hardest to kill when timing favors regrowth and grass cannot reclaim space fast enough. Control fails when recovery lags behind disruption.,
weeds-pests\index.html,/weeds-pests/how-seasons-affect-weed-growth.html,skipped_unique_blurb,"Seasons change weed growth by shifting recovery speed, soil behavior, and competition timing. Weeds surge when grass cannot match seasonal demand.",
weeds-pests\index.html,/weeds-pests/why-weeds-appear-after-rain.html,skipped_unique_blurb,"Weeds appear after rain because moisture triggers germination and exposes recovery gaps. Rain does not create weeds, but it reveals opportunities fast.",
weeds-pests\index.html,/weeds-pests/why-weeds-love-disturbed-soil.html,skipped_unique_blurb,"Weeds love disturbed soil because disturbance creates open space, exposed seedbeds, and unstable recovery windows. They win when turf cannot close gaps quickly.",
weeds-pests\index.html,/weeds-pests/can-weeds-grow-through-mulch.html,skipped_unique_blurb,Weeds can grow through mulch when coverage fails to block light or close space. Mulch suppresses weeds only when depth and continuity remain intact.,
weeds-pests\index.html,/weeds-pests/can-weeds-grow-through-gravel.html,skipped_unique_blurb,"Weeds can grow through gravel when space, moisture, and light remain available. Gravel slows weeds but does not eliminate growth without proper separation and maintenance.",
weeds-pests\index.html,/weeds-pests/why-weeds-grow-along-edges.html,skipped_unique_blurb,"Weeds grow along edges because edges concentrate stress and leave gaps that turf cannot close. Heat, compaction, and uneven moisture make borders fail first.",
weeds-pests\index.html,/weeds-pests/why-weeds-grow-near-driveways.html,skipped_unique_blurb,"Weeds grow near driveways because heat, compaction, and disrupted soil prevent grass from closing space. Hard edges create repeat stress zones weeds exploit.",
weeds-pests\index.html,/weeds-pests/why-weeds-grow-near-sidewalks.html,skipped_unique_blurb,"Weeds grow near sidewalks because hard surfaces amplify heat, compaction, and moisture imbalance. These edge conditions prevent grass from maintaining control.",
weeds-pests\index.html,/weeds-pests/how-to-tell-one-weed-from-another.html,skipped_unique_blurb,"Telling one weed from another requires observing growth habits, leaf structure, and damage patterns. Accurate identification explains why control methods succeed or fail.",
weeds-pests\index.html,/weeds-pests/broadleaf-vs-grassy-weeds-explained.html,skipped_unique_blurb,"Broadleaf and grassy weeds survive for different reasons tied to structure, timing, and recovery speed. Their differences explain why lawns fail unevenly under stress.",
weeds-pests\index.html,/weeds-pests/why-some-weeds-spread-sideways.html,skipped_unique_blurb,"Some weeds spread sideways because lateral growth captures open space faster than grass can recover. Runners, nodes, and surface rooting let weeds exploit missed recovery windows.",
weeds-pests\index.html,/weeds-pests/why-some-weeds-grow-deep-roots.html,skipped_unique_blurb,"Some weeds grow deep roots to survive stress, drought, and surface disruption. Deep rooting lets weeds outlast grass during recovery delays and seasonal extremes.",
weeds-pests\index.html,/weeds-pests/can-pulling-weeds-make-them-worse.html,skipped_unique_blurb,"Pulling weeds can make problems worse when roots break, soil is disturbed, or recovery fails to follow removal. In some cases, pulling accelerates spread instead of stopping it.",
weeds-pests\index.html,/weeds-pests/when-pulling-weeds-actually-works.html,skipped_unique_blurb,"Pulling weeds actually works when timing, soil conditions, and turf recovery align. Without follow-up recovery, pulling creates new opportunities instead of control.",
weeds-pests\index.html,/weeds-pests/why-mowing-doesnt-kill-weeds.html,skipped_unique_blurb,"Mowing does not kill weeds because most species grow from protected crowns, nodes, or roots below cutting height. Cutting controls appearance, not survival.",
weeds-pests\index.html,/weeds-pests/how-mowing-height-affects-weeds.html,skipped_unique_blurb,"Mowing height affects weeds by changing light access, recovery speed, and competitive balance. Cutting too low often favors weeds instead of suppressing them.",
weeds-pests\index.html,/weeds-pests/why-weeds-survive-drought.html,skipped_unique_blurb,"Weeds survive drought because their root structure, growth timing, and stress tolerance outperform grass under water limitation. Drought exposes weaknesses in turf recovery.",
weeds-pests\index.html,/weeds-pests/why-weeds-survive-heat.html,skipped_unique_blurb,"Weeds survive heat because their growth habits, root systems, and stress tolerance outperform grass under high temperatures. Heat exposes weak turf recovery and thin coverage.",
weeds-pests\index.html,/weeds-pests/why-weeds-survive-cold.html,skipped_unique_blurb,Weeds survive cold because many species protect growth points below the surface and rely on stored energy to regrow. Cold slows grass recovery and leaves space open longer.,
weeds-pests\index.html,/weeds-pests/why-weeds-thrive-in-poor-soil.html,skipped_unique_blurb,"Weeds thrive in poor soil because grass cannot recover fast enough to protect space. When soil limits recovery, weeds exploit every delay and weakness.",
weeds-pests\index.html,/weeds-pests/how-bare-spots-invite-weeds.html,skipped_unique_blurb,"Bare spots invite weeds by breaking the lawn’s ability to defend space. Once recovery stalls, weeds move in faster than grass can respond.",
weeds-pests\index.html,/weeds-pests/why-new-lawns-get-weeds.html,skipped_unique_blurb,"New lawns get weeds because the soil and grass are still unstable. Until recovery becomes consistent, weeds take advantage of every open window.",
weeds-pests\index.html,/weeds-pests/why-overseeding-can-trigger-weeds.html,skipped_unique_blurb,"Overseeding can trigger weeds because it temporarily disrupts spacing, moisture balance, and recovery timing. Weeds exploit the instability before grass regains control.",
weeds-pests\index.html,/weeds-pests/why-weeds-appear-after-seeding.html,skipped_unique_blurb,"Weeds appear after seeding because the lawn enters a temporary unstable phase. Until grass recovery becomes coordinated, opportunistic plants move first.",
weeds-pests\index.html,/weeds-pests/what-lawn-pests-actually-are.html,skipped_unique_blurb,"Lawn pests are not random invaders but stress exploiters that feed on weakened systems. Their damage reflects timing failures, not sudden infestation.",
weeds-pests\index.html,/weeds-pests/common-lawn-insects-explained.html,skipped_unique_blurb,"Common lawn insects damage grass by interrupting recovery rather than destroying it outright. Their impact depends on timing, density, and how stress accumulates.",
weeds-pests\index.html,/weeds-pests/how-lawn-insects-damage-grass.html,skipped_unique_blurb,"Lawn insects damage grass by attacking roots, crowns, and blades at different stages. Understanding how each type feeds determines why damage spreads and what conditions make it worse.",
weeds-pests\index.html,/weeds-pests/signs-of-insect-damage-in-lawns.html,skipped_unique_blurb,"Insect damage in lawns follows recognizable patterns depending on where and how insects feed. Knowing what to look for separates pest pressure from disease, drought, and soil problems.",
weeds-pests\index.html,/weeds-pests/difference-between-surface-and-root-pests.html,skipped_unique_blurb,"Surface and root pests damage lawns in different ways, but both interfere with recovery. The difference lies in where the disruption starts and how long it stays hidden.",
weeds-pests\index.html,/weeds-pests/why-lawn-pests-appear-suddenly.html,skipped_unique_blurb,"Lawn pests seem to appear suddenly because their activity builds quietly before symptoms show. Once the lawn runs out of recovery time, the damage becomes visible all at once.",
weeds-pests\index.html,/weeds-pests/when-lawn-pests-are-most-active.html,skipped_unique_blurb,Lawn pests are most active when grass recovery slows and environmental stress compresses timing. Activity peaks when damage outpaces repair rather than at a specific date.,
weeds-pests\index.html,/weeds-pests/how-weather-affects-lawn-pests.html,skipped_unique_blurb,Weather affects lawn pests by changing how fast they feed and how well grass can recover. The same pest pressure can look mild or severe depending on conditions.,
weeds-pests\index.html,/weeds-pests/can-lawn-pests-kill-grass.html,skipped_unique_blurb,"Lawn pests rarely kill grass directly, but they can push it past recovery limits. Death happens when damage repeats faster than the lawn can repair itself.",
weeds-pests\index.html,/weeds-pests/why-grass-pulls-up-easily.html,skipped_unique_blurb,Grass pulls up easily when root anchoring fails before visible decline appears. Loss of grip reflects timing and recovery breakdown below the surface.,
weeds-pests\index.html,/weeds-pests/what-causes-brown-patches-in-lawns.html,skipped_unique_blurb,Brown patches form when grass loses recovery capacity in specific zones. The patch is the visible endpoint of stress that stayed concentrated long enough to overwhelm repair.,
weeds-pests\index.html,/weeds-pests/how-to-tell-pest-damage-from-disease.html,skipped_unique_blurb,"Pest damage and disease affect lawns in different ways, but both slow recovery. The difference shows up in timing, pattern, and how stress spreads through the grass.",
weeds-pests\index.html,/weeds-pests/what-lawn-diseases-actually-are.html,skipped_unique_blurb,Lawn diseases are breakdowns in the lawn’s recovery system that let harmful growth take hold. They show up when stress and conditions line up long enough for grass to fall behind.,
weeds-pests\index.html,/weeds-pests/why-lawn-diseases-spread.html,skipped_unique_blurb,"Lawn diseases spread when conditions allow pathogens to move faster than the grass can isolate damage. Once spread outpaces recovery, containment stops working.",
weeds-pests\index.html,/weeds-pests/how-moisture-triggers-lawn-disease.html,skipped_unique_blurb,"Lawn disease begins when moisture lingers long enough to block recovery. Excess moisture changes timing, weakens defenses, and allows disease to establish quietly.",
weeds-pests\index.html,/weeds-pests/why-lawn-disease-appears-overnight.html,skipped_unique_blurb,Lawn disease appears overnight because infection happens silently for days before symptoms show. The visible collapse is just the final stage of a process already underway.,
weeds-pests\index.html,/weeds-pests/can-lawn-disease-fix-itself.html,skipped_unique_blurb,Lawn disease can fix itself only when conditions change enough to stop pathogen spread before the grass loses its ability to recover. Most infections outlast that window.,
weeds-pests\index.html,/weeds-pests/why-lawn-disease-returns-each-year.html,skipped_unique_blurb,"Lawn disease returns each year because the conditions that favor infection never fully resolve. Pathogens remain dormant in soil and thatch, waiting for the same triggers to reactivate spread.",
weeds-pests\index.html,/weeds-pests/difference-between-fungus-and-stress-damage.html,skipped_unique_blurb,Fungus and stress damage differ in how they progress and respond to conditions. Fungus spreads outward from infection points while stress damage appears wherever vulnerability is highest.,
weeds-pests\index.html,/weeds-pests/why-lawns-get-fungal-infections.html,skipped_unique_blurb,Lawns get fungal infections when moisture stays on leaf surfaces long enough for spores to germinate and penetrate tissue. The infection takes hold before the grass can mount an effective defense.,
weeds-pests\index.html,/weeds-pests/how-heat-and-humidity-cause-disease.html,skipped_unique_blurb,"Heat and humidity cause disease by creating sustained leaf wetness and accelerating pathogen metabolism. When both conditions persist together, infection spreads faster than the grass can respond.",
weeds-pests\index.html,/weeds-pests/why-overwatering-causes-lawn-disease.html,skipped_unique_blurb,Overwatering causes lawn disease by keeping leaf surfaces wet long enough for pathogens to infect and by saturating soil until roots lose function. The grass weakens while fungi thrive.,
weeds-pests\index.html,/weeds-pests/why-underwatering-can-mimic-disease.html,skipped_unique_blurb,"Underwatering mimics disease because drought stress produces symptoms that look identical to fungal damage. Both cause wilting, discoloration, and patchy decline that progress without clear boundaries.",
weeds-pests\index.html,/weeds-pests/how-to-identify-lawn-disease-early.html,skipped_unique_blurb,"Early disease identification depends on spotting subtle changes in color, texture, and growth patterns before widespread damage appears. The warning signs show up days before visible collapse.",
weeds-pests\index.html,/weeds-pests/why-diseased-grass-turns-yellow.html,skipped_unique_blurb,Diseased grass turns yellow when infection disrupts chlorophyll production or blocks nutrient movement through the plant. The yellowing reflects internal breakdown that started days earlier.,
weeds-pests\index.html,/weeds-pests/why-diseased-grass-turns-brown.html,skipped_unique_blurb,"Diseased grass turns brown when internal damage blocks recovery before tissue can renew. Color loss reflects failure beneath the surface, not simple dryness.",
weeds-pests\index.html,/weeds-pests/why-diseased-grass-feels-slimy.html,skipped_unique_blurb,Diseased grass feels slimy because fungal growth produces moisture-trapping structures and breaks down plant tissue into a slick residue. The texture signals active pathogen colonization.,
weeds-pests\index.html,/weeds-pests/why-diseased-grass-pulls-loose.html,skipped_unique_blurb,Diseased grass pulls loose because infection destroys root and crown tissue that anchors the plant. The blade looks intact above ground while the attachment below has already failed.,
weeds-pests\index.html,/weeds-pests/how-fast-lawn-disease-spreads.html,skipped_unique_blurb,"Lawn disease spreads at a rate determined by moisture availability, temperature, and canopy density. Under ideal conditions, visible damage can double in size every few days.",
weeds-pests\index.html,/weeds-pests/can-lawn-disease-kill-entire-lawns.html,skipped_unique_blurb,"Lawn disease can kill entire lawns when recovery never catches up to repeated stress. Widespread loss happens through accumulation, not sudden collapse.",
weeds-pests\index.html,/weeds-pests/why-lawn-disease-appears-in-circles.html,skipped_unique_blurb,Lawn disease appears in circles because pathogens spread outward from a central infection point while exhausting resources at the origin. The ring shape reflects how fungi colonize and move through turf.,
weeds-pests\index.html,/weeds-pests/why-lawn-disease-appears-in-patches.html,skipped_unique_blurb,"Lawn disease appears in patches because infection begins wherever conditions first favor pathogen activity. Localized moisture, stress, or soil differences create isolated vulnerable zones.",
weeds-pests\index.html,/weeds-pests/how-shade-increases-disease-risk.html,skipped_unique_blurb,"Shade increases disease risk by slowing evaporation and reducing airflow, keeping grass wet longer. Lower light also weakens the plant's ability to produce defensive compounds.",
weeds-pests\index.html,/weeds-pests/why-poor-airflow-causes-lawn-problems.html,skipped_unique_blurb,"Poor airflow causes lawn problems by trapping moisture and humidity at ground level, extending the time grass stays wet. Stagnant air creates conditions where pathogens thrive and stress accumulates.",
weeds-pests\index.html,/weeds-pests/how-thatch-contributes-to-disease.html,skipped_unique_blurb,Thatch contributes to disease by holding moisture against crowns and roots longer than bare soil does. The organic layer creates a humid environment where pathogens establish and spread.,
weeds-pests\index.html,/weeds-pests/why-lawn-problems-worsen-over-time.html,skipped_unique_blurb,Lawn problems worsen over time because each stress cycle leaves the grass weaker and less able to recover before the next challenge arrives. Damage accumulates faster than repair.,
weeds-pests\index.html,/weeds-pests/how-stress-makes-grass-vulnerable.html,skipped_unique_blurb,Stress makes grass vulnerable by forcing the plant to prioritize survival over defense. Energy redirected toward basic functions leaves nothing for resisting pathogens or recovering from damage.,
weeds-pests\index.html,/weeds-pests/why-weak-grass-attracts-problems.html,skipped_unique_blurb,Weak grass attracts problems because it signals resource availability to pests and pathogens while offering minimal resistance. Struggling turf becomes a target for organisms that exploit vulnerability.,
weeds-pests\index.html,/weeds-pests/how-to-prevent-weed-takeover.html,skipped_unique_blurb,Preventing weed takeover requires maintaining grass dense enough to block germination and fast enough to claim resources before weeds establish. Bare ground is the entry point.,
weeds-pests\index.html,/weeds-pests/how-to-prevent-pest-infestations.html,skipped_unique_blurb,Preventing pest infestations requires maintaining grass vigorous enough to tolerate feeding damage and eliminating conditions that concentrate pest populations. Healthy turf resists what weak turf cannot.,
weeds-pests\index.html,/weeds-pests/how-to-prevent-lawn-disease.html,skipped_unique_blurb,Preventing lawn disease requires eliminating the extended moisture periods that allow pathogen infection. Reducing leaf wetness and maintaining grass vigor are the only reliable defenses.,
weeds-pests\index.html,/weeds-pests/why-prevention-works-better-than-treatment.html,skipped_unique_blurb,Prevention works better than treatment because it stops damage before the grass loses capacity to recover. Treatment addresses symptoms after the threshold for self-repair has already been crossed.,
weeds-pests\index.html,/weeds-pests/how-timing-affects-lawn-problems.html,skipped_unique_blurb,Timing affects lawn problems by determining whether challenges arrive when grass can resist or when it is already weakened. Seasonal cycles create windows of vulnerability that repeat predictably.,
weeds-pests\index.html,/weeds-pests/why-spring-triggers-lawn-issues.html,skipped_unique_blurb,"Spring triggers lawn issues because grass emerges weak from dormancy while pathogens, pests, and weeds activate simultaneously. The timing creates overlapping pressures the lawn cannot manage at once.",
weeds-pests\index.html,/weeds-pests/why-summer-is-peak-problem-season.html,skipped_unique_blurb,"Summer is peak problem season because heat stress forces grass to prioritize survival while pathogens, pests, and weeds exploit the resulting vulnerability. Multiple challenges converge when resistance is lowest.",
weeds-pests\index.html,/weeds-pests/why-fall-lawn-problems-are-missed.html,skipped_unique_blurb,Fall lawn problems are missed because grass looks acceptable while hidden damage accumulates. Decline happens slowly enough to escape notice until spring reveals what was lost during autumn.,
weeds-pests\index.html,/weeds-pests/can-winter-hide-lawn-damage.html,skipped_unique_blurb,Winter can hide lawn damage by slowing growth and masking stress. Problems often remain active below the surface until spring exposes them.,
weeds-pests\index.html,/weeds-pests/why-lawns-look-worse-after-treatment.html,skipped_unique_blurb,Lawns look worse after treatment because intervention stops ongoing damage but does not reverse what already occurred. Dead tissue becomes visible all at once as the problem stabilizes.,
weeds-pests\index.html,/weeds-pests/how-long-it-takes-grass-to-recover.html,skipped_unique_blurb,Grass recovery time depends on how much root and crown tissue survived damage. Minor surface injury heals in days while severe root loss requires weeks or complete regrowth from adjacent plants.,
weeds-pests\index.html,/weeds-pests/can-damaged-grass-repair-itself.html,skipped_unique_blurb,"Damaged grass can repair itself only when crowns and roots remain functional and conditions favor regrowth. Once those structures fail, self-repair stops and intervention becomes necessary.",
weeds-pests\index.html,/weeds-pests/when-lawn-damage-is-permanent.html,skipped_unique_blurb,"Lawn damage becomes permanent when crowns and roots are destroyed beyond regeneration. The grass cannot rebuild from nothing, and bare ground requires reseeding or replacement.",
weeds-pests\index.html,/weeds-pests/signs-a-lawn-problem-is-getting-worse.html,skipped_unique_blurb,"Lawn problems worsen when damage spreads faster than repair, new issues layer on top of existing ones, and recovery windows shrink. The trajectory becomes clear before total failure arrives.",
weeds-pests\index.html,/weeds-pests/signs-a-lawn-problem-is-stabilizing.html,skipped_unique_blurb,A lawn problem is stabilizing when damage stops expanding and recovery begins matching stress. Stability appears before full improvement becomes visible.,
weeds-pests\index.html,/weeds-pests/when-lawn-problems-stop-on-their-own.html,skipped_unique_blurb,Some lawn problems stop on their own when stress drops below recovery limits. Stabilization happens quietly before improvement becomes visible.,
weeds-pests\index.html,/weeds-pests/when-lawn-problems-need-intervention.html,skipped_unique_blurb,"Lawn problems need intervention when damage spreads faster than grass can compensate, when self-repair stops making progress, or when conditions prevent natural recovery. Waiting guarantees worsening.",
weeds-pests\index.html,/weeds-pests/how-long-weed-seeds-stay-viable.html,skipped_unique_blurb,"Weed seeds stay viable in soil for years or decades, waiting for conditions that trigger germination. The seed bank persists long after visible weeds are removed.",
weeds-pests\index.html,/weeds-pests/why-old-lawns-accumulate-problems.html,skipped_unique_blurb,"Old lawns accumulate problems because soil compacts, thatch builds, pathogen populations establish, and the grass gradually loses vigor. Each issue compounds the others over years.",
weeds-pests\index.html,/weeds-pests/why-new-lawns-arent-immune.html,skipped_unique_blurb,"New lawns face the same disease, pest, and weed pressures as established turf but with weaker defenses. Youth provides no immunity—only vulnerability without the reserves to tolerate stress.",
weeds-pests\index.html,/weeds-pests/how-soil-health-affects-lawn-problems.html,skipped_unique_blurb,"Soil health determines whether grass can resist stress, recover from damage, and compete with weeds. Poor soil creates vulnerabilities that no surface treatment can fully overcome.",
weeds-pests\index.html,/weeds-pests/why-compacted-soil-encourages-issues.html,skipped_unique_blurb,"Compacted soil encourages issues by restricting root growth, preventing water movement, and creating anaerobic conditions. Grass weakens while problems multiply in the hostile environment.",
weeds-pests\index.html,/weeds-pests/why-lawns-fail-despite-care.html,skipped_unique_blurb,"Lawns fail despite care when underlying structural issues prevent grass from responding to treatment. Effort directed at symptoms cannot overcome problems rooted in soil, drainage, or environment.",
weeds-pests\index.html,/weeds-pests/common-lawn-problem-myths.html,skipped_unique_blurb,Common lawn problem myths obscure real causes and delay effective solutions. Understanding what does not work prevents wasted effort on approaches that cannot succeed.,
weeds-pests\index.html,/weeds-pests/mistakes-that-make-lawn-problems-worse.html,skipped_unique_blurb,"Mistakes that make lawn problems worse include overwatering disease, misidentifying causes, and treating symptoms while ignoring root issues. Well-intentioned actions often accelerate decline.",
weeds-pests\index.html,/weeds-pests/when-lawn-problems-mean-starting-over.html,skipped_unique_blurb,Lawn problems mean starting over when accumulated damage exceeds the grass's capacity to recover and underlying conditions prevent regrowth. Renovation becomes less costly than continued decline.,
